5997074.6,1620331.1,5.48E-12,0.12298164
5994149.2,1618840.7,5.48E-12,0.12290851
5991223.8,1617354,5.48E-12,0.12283577
5988298.4,1615864.9,5.49E-12,0.12276266
5985373,1614376.4,5.49E-12,0.12268955
5982447.6,1612888.6,5.49E-12,0.12261645
5979522.2,1611401.4,5.49E-12,0.12254336
5976596.8,1609914.9,5.49E-12,0.12247028
5973671.4,1608429,5.49E-12,0.12239721
5970746,1606943.8,5.50E-12,0.12232414
5967820.6,1605459.2,5.50E-12,0.12225108
5964895.2,1603975.3,5.50E-12,0.12217803
5961969.8,1602492,5.50E-12,0.12210499
5959044.4,1601009.3,5.50E-12,0.12203195
5956119,1599527.3,5.51E-12,0.12195893
5953193.6,1598045.9,5.51E-12,0.12188591
5950268.2,1596565.2,5.51E-12,0.1218129
5947342.8,1595085.1,5.51E-12,0.12173989
5944417.4,1593605.7,5.51E-12,0.1216669
5941492,1592126.9,5.51E-12,0.12159391
5938566.6,1590648.7,5.52E-12,0.12152093
5935641.2,1589171.2,5.52E-12,0.12144796
5932715.7,1587694.4,5.52E-12,0.12137499
5929790.3,1586218.2,5.52E-12,0.12130204
5926864.9,1584742.6,5.52E-12,0.12122909
5923939.5,1583267.7,5.53E-12,0.12115615
5921014.1,1581793.4,5.53E-12,0.12108322
5918088.7,1580319.8,5.53E-12,0.12101029
5915163.3,1578846.8,5.53E-12,0.12093737
5912237.9,1577374.5,5.53E-12,0.12086447
5909312.5,1575902.8,5.53E-12,0.12079156
5906387.1,1574431.7,5.54E-12,0.12071867
5903461.7,1572961.3,5.54E-12,0.12064579
5900536.3,1571491.6,5.54E-12,0.12057291
5897610.9,1570022.5,5.54E-12,0.12050004
5894685.5,1568554,5.54E-12,0.12042718
5891760.1,1567086.2,5.55E-12,0.12035432
5888834.7,1565619,5.55E-12,0.12028148
5885909.3,1564152.5,5.55E-12,0.12020864
5882983.9,1562686.6,5.55E-12,0.12013581
5880058.5,1561221.4,5.55E-12,0.12006299
5877133.1,1559756.8,5.55E-12,0.11999018
5874207.7,1558292.8,5.56E-12,0.11991737
5871282.3,1556829.5,5.56E-12,0.11984457
5868356.9,1555366.9,5.56E-12,0.11977178
5865431.5,1553904.8,5.56E-12,0.119699
5862506.1,1552443.5,5.56E-12,0.11962623
5859580.7,1550982.8,5.57E-12,0.11955346
5856655.3,1549522.7,5.57E-12,0.1194807
5853729.9,1548063.3,5.57E-12,0.11940795
5850804.5,1546604.5,5.57E-12,0.11933521
5847879.1,1545146.4,5.57E-12,0.11926248
5844953.7,1543688.9,5.57E-12,0.11918975
5842028.3,1542232,5.58E-12,0.11911703
5839102.9,1540775.8,5.58E-12,0.11904432
5836177.5,1539320.3,5.58E-12,0.11897162
5833252.1,1537865.4,5.58E-12,0.11889892
5830326.7,1536411.1,5.58E-12,0.11882624
5827401.3,1534957.5,5.59E-12,0.11875356
5824475.9,1533504.6,5.59E-12,0.11868089
5821550.5,1532052.3,5.59E-12,0.11860823
5818625.1,1530600.6,5.59E-12,0.11853557
5815699.7,1529149.6,5.59E-12,0.11846292
5812774.3,1527699.2,5.60E-12,0.11839029
5809848.9,1526249.5,5.60E-12,0.11831766
5806923.5,1524800.4,5.60E-12,0.11824503
5803998,1523351.9,5.60E-12,0.11817242
5801072.6,1521904.1,5.60E-12,0.11809981
5798147.2,1520457,5.60E-12,0.11802721
5795221.8,1519010.5,5.61E-12,0.11795462
5792296.4,1517564.7,5.61E-12,0.11788204
5789371,1516119.5,5.61E-12,0.11780947
5786445.6,1514674.9,5.61E-12,0.1177369
5783520.2,1513231,5.61E-12,0.11766434
5780594.8,1511787.7,5.62E-12,0.11759179
5777669.4,1510345.1,5.62E-12,0.11751925
5774744,1508903.1,5.62E-12,0.11744672
5771818.6,1507461.8,5.62E-12,0.11737419
5768893.2,1506021.2,5.62E-12,0.11730167
5765967.8,1504581.1,5.63E-12,0.11722916
5763042.4,1503141.7,5.63E-12,0.11715666
5760117,1501703,5.63E-12,0.11708417
5757191.6,1500264.9,5.63E-12,0.11701168
5754266.2,1498827.5,5.63E-12,0.1169392
5751340.8,1497390.7,5.64E-12,0.11686673
5748415.4,1495954.6,5.64E-12,0.11679427
5745490,1494519.1,5.64E-12,0.11672182
5742564.6,1493084.2,5.64E-12,0.11664937
5739639.2,1491650,5.64E-12,0.11657694
5736713.8,1490216.5,5.64E-12,0.11650451
5733788.4,1488783.6,5.65E-12,0.11643209
5730863,1487351.3,5.65E-12,0.11635967
5727937.6,1485919.7,5.65E-12,0.11628727
5725012.2,1484488.7,5.65E-12,0.11621487
5722086.8,1483058.4,5.65E-12,0.11614248
5719161.4,1481628.7,5.66E-12,0.1160701
5716236,1480199.7,5.66E-12,0.11599773
5713310.6,1478771.4,5.66E-12,0.11592536
5710385.2,1477343.6,5.66E-12,0.11585301
5707459.8,1475916.6,5.66E-12,0.11578066
5704534.4,1474490.1,5.67E-12,0.11570832
5701609,1473064.3,5.67E-12,0.11563599
5698683.6,1471639.2,5.67E-12,0.11556366
5695758.2,1470214.7,5.67E-12,0.11549135
5692832.8,1468790.9,5.67E-12,0.11541904
5689907.4,1467367.7,5.68E-12,0.11534674
5686982,1465945.2,5.68E-12,0.11527445
5684056.6,1464523.3,5.68E-12,0.11520217
5681131.2,1463102,5.68E-12,0.11512989
5678205.8,1461681.4,5.68E-12,0.11505763
5675280.4,1460261.5,5.69E-12,0.11498537
5672354.9,1458842.2,5.69E-12,0.11491312
5669429.5,1457423.5,5.69E-12,0.11484087
5666504.1,1456005.5,5.69E-12,0.11476864
5663578.7,1454588.2,5.69E-12,0.11469641
5660653.3,1453171.5,5.70E-12,0.1146242
5657727.9,1451755.4,5.70E-12,0.11455199
5654802.5,1450340,5.70E-12,0.11447979
5651877.1,1448925.3,5.70E-12,0.11440759
5648951.7,1447511.2,5.70E-12,0.11433541
5646026.3,1446097.7,5.71E-12,0.11426323
5643100.9,1444684.9,5.71E-12,0.11419106
5640175.5,1443272.7,5.71E-12,0.1141189
5637250.1,1441861.2,5.71E-12,0.11404675
5634324.7,1440450.3,5.71E-12,0.11397461
5631399.3,1439040.1,5.71E-12,0.11390247
5628473.9,1437630.6,5.72E-12,0.11383034
5625548.5,1436221.6,5.72E-12,0.11375822
5622623.1,1434813.4,5.72E-12,0.11368611
5619697.7,1433405.7,5.72E-12,0.11361401
5616772.3,1431998.8,5.72E-12,0.11354191
5613846.9,1430592.5,5.73E-12,0.11346983
5610921.5,1429186.8,5.73E-12,0.11339775
5607996.1,1427781.8,5.73E-12,0.11332568
5605070.7,1426377.4,5.73E-12,0.11325362
5602145.3,1424973.7,5.73E-12,0.11318156
5599219.9,1423570.6,5.74E-12,0.11310952
5596294.5,1422168.2,5.74E-12,0.11303748
5593369.1,1420766.4,5.74E-12,0.11296545
5590443.7,1419365.2,5.74E-12,0.11289343
5587518.3,1417964.8,5.74E-12,0.11282142
5584592.9,1416564.9,5.75E-12,0.11274941
5581667.5,1415165.8,5.75E-12,0.11267742
5578742.1,1413767.2,5.75E-12,0.11260543
5575816.7,1412369.3,5.75E-12,0.11253345
5572891.3,1410972.1,5.75E-12,0.11246148
5569965.9,1409575.5,5.76E-12,0.11238952
5567040.5,1408179.6,5.76E-12,0.11231756
5564115.1,1406784.3,5.76E-12,0.11224562
5561189.7,1405389.7,5.76E-12,0.11217368
5558264.3,1403995.7,5.76E-12,0.11210175
5555338.9,1402602.4,5.77E-12,0.11202983
5552413.5,1401209.7,5.77E-12,0.11195791
5549488.1,1399817.7,5.77E-12,0.11188601
5546562.7,1398426.3,5.77E-12,0.11181411
5543637.3,1397035.5,5.78E-12,0.11174223
5540711.8,1395645.5,5.78E-12,0.11167035
5537786.4,1394256,5.78E-12,0.11159847
5534861,1392867.2,5.78E-12,0.11152661
5531935.6,1391479.1,5.78E-12,0.11145476
5529010.2,1390091.6,5.79E-12,0.11138291
5526084.8,1388704.8,5.79E-12,0.11131107
5523159.4,1387318.6,5.79E-12,0.11123924
5520234,1385933.1,5.79E-12,0.11116742
5517308.6,1384548.2,5.79E-12,0.11109561
5514383.2,1383164,5.80E-12,0.1110238
5511457.8,1381780.4,5.80E-12,0.110952
5508532.4,1380397.5,5.80E-12,0.11088022
5505607,1379015.2,5.80E-12,0.11080844
5502681.6,1377633.6,5.80E-12,0.11073667
5499756.2,1376252.6,5.81E-12,0.1106649
5496830.8,1374872.3,5.81E-12,0.11059315
5493905.4,1373492.6,5.81E-12,0.1105214
5490980,1372113.6,5.81E-12,0.11044966
5488054.6,1370735.2,5.81E-12,0.11037793
5485129.2,1369357.5,5.82E-12,0.11030621
5482203.8,1367980.4,5.82E-12,0.1102345
5479278.4,1366604,5.82E-12,0.11016279
5476353,1365228.2,5.82E-12,0.1100911
5473427.6,1363853.1,5.82E-12,0.11001941
5470502.2,1362478.6,5.83E-12,0.10994773
5467576.8,1361104.8,5.83E-12,0.10987606
5464651.4,1359731.6,5.83E-12,0.1098044
5461726,1358359.1,5.83E-12,0.10973274
5458800.6,1356987.3,5.83E-12,0.1096611
5455875.2,1355616,5.84E-12,0.10958946
5452949.8,1354245.5,5.84E-12,0.10951783
5450024.4,1352875.6,5.84E-12,0.10944621
5447099,1351506.3,5.84E-12,0.1093746
5444173.6,1350137.7,5.85E-12,0.10930299
5441248.2,1348769.7,5.85E-12,0.1092314
5438322.8,1347402.4,5.85E-12,0.10915981
5435397.4,1346035.8,5.85E-12,0.10908823
5432472,1344669.8,5.85E-12,0.10901666
5429546.6,1343304.4,5.86E-12,0.1089451
5426621.2,1341939.7,5.86E-12,0.10887355
5423695.8,1340575.7,5.86E-12,0.10880201
5420770.4,1339212.3,5.86E-12,0.10873047
5417845,1337849.6,5.86E-12,0.10865894
5414919.6,1336487.5,5.87E-12,0.10858742
5411994.1,1335126,5.87E-12,0.10851591
5409068.7,1333765.2,5.87E-12,0.10844441
5406143.3,1332405.1,5.87E-12,0.10837292
5403217.9,1331045.6,5.87E-12,0.10830143
5400292.5,1329686.8,5.88E-12,0.10822995
5397367.1,1328328.6,5.88E-12,0.10815848
5394441.7,1326971.1,5.88E-12,0.10808702
5391516.3,1325614.2,5.88E-12,0.10801557
5388590.9,1324258,5.89E-12,0.10794413
5385665.5,1322902.4,5.89E-12,0.1078727
5382740.1,1321547.5,5.89E-12,0.10780127
5379814.7,1320193.2,5.89E-12,0.10772985
5376889.3,1318839.6,5.89E-12,0.10765844
5373963.9,1317486.7,5.90E-12,0.10758704
5371038.5,1316134.3,5.90E-12,0.10751565
5368113.1,1314782.7,5.90E-12,0.10744427
5365187.7,1313431.7,5.90E-12,0.10737289
5362262.3,1312081.3,5.90E-12,0.10730153
5359336.9,1310731.6,5.91E-12,0.10723017
5356411.5,1309382.6,5.91E-12,0.10715882
5353486.1,1308034.2,5.91E-12,0.10708748
5350560.7,1306686.4,5.91E-12,0.10701615
5347635.3,1305339.4,5.92E-12,0.10694482
5344709.9,1303992.9,5.92E-12,0.10687351
5341784.5,1302647.1,5.92E-12,0.1068022
5338859.1,1301302,5.92E-12,0.1067309
5335933.7,1299957.5,5.92E-12,0.10665961
5333008.3,1298613.7,5.93E-12,0.10658833
5330082.9,1297270.5,5.93E-12,0.10651706
5327157.5,1295928,5.93E-12,0.1064458
5324232.1,1294586.2,5.93E-12,0.10637454
5321306.7,1293244.9,5.93E-12,0.1063033
5318381.3,1291904.4,5.94E-12,0.10623206
5315455.9,1290564.5,5.94E-12,0.10616083
5312530.5,1289225.2,5.94E-12,0.10608961
5309605.1,1287886.6,5.94E-12,0.1060184
5306679.7,1286548.7,5.95E-12,0.10594719
5303754.3,1285211.4,5.95E-12,0.105876
5300828.9,1283874.7,5.95E-12,0.10580481
5297903.5,1282538.8,5.95E-12,0.10573363
5294978.1,1281203.4,5.95E-12,0.10566246
5292052.7,1279868.7,5.96E-12,0.1055913
5289127.3,1278534.7,5.96E-12,0.10552015
5286201.9,1277201.3,5.96E-12,0.10544901
5283276.5,1275868.6,5.96E-12,0.10537787
5280351,1274536.6,5.97E-12,0.10530675
5277425.6,1273205.2,5.97E-12,0.10523563
5274500.2,1271874.4,5.97E-12,0.10516452
5271574.8,1270544.3,5.97E-12,0.10509342
5268649.4,1269214.8,5.97E-12,0.10502233
5265724,1267886,5.98E-12,0.10495124
5262798.6,1266557.9,5.98E-12,0.10488017
5259873.2,1265230.4,5.98E-12,0.1048091
5256947.8,1263903.6,5.98E-12,0.10473805
5254022.4,1262577.4,5.99E-12,0.104667
5251097,1261251.9,5.99E-12,0.10459596
5248171.6,1259927,5.99E-12,0.10452493
5245246.2,1258602.8,5.99E-12,0.10445391
5242320.8,1257279.2,5.99E-12,0.10438289
5239395.4,1255956.3,6.00E-12,0.10431189
5236470,1254634.1,6.00E-12,0.10424089
5233544.6,1253312.5,6.00E-12,0.1041699
5230619.2,1251991.5,6.00E-12,0.10409893
5227693.8,1250671.2,6.01E-12,0.10402796
5224768.4,1249351.6,6.01E-12,0.10395699
5221843,1248032.6,6.01E-12,0.10388604
5218917.6,1246714.3,6.01E-12,0.1038151
5215992.2,1245396.6,6.01E-12,0.10374416
5213066.8,1244079.6,6.02E-12,0.10367323
5210141.4,1242763.2,6.02E-12,0.10360232
5207216,1241447.5,6.02E-12,0.10353141
5204290.6,1240132.5,6.02E-12,0.10346051
5201365.2,1238818.1,6.03E-12,0.10338962
5198439.8,1237504.3,6.03E-12,0.10331873
5195514.4,1236191.2,6.03E-12,0.10324786
5192589,1234878.8,6.03E-12,0.10317699
5189663.6,1233567,6.03E-12,0.10310614
5186738.2,1232255.9,6.04E-12,0.10303529
5183812.8,1230945.4,6.04E-12,0.10296445
5180887.4,1229635.6,6.04E-12,0.10289362
5177962,1228326.4,6.04E-12,0.1028228
5175036.6,1227017.9,6.05E-12,0.10275198
5172111.2,1225710.1,6.05E-12,0.10268118
5169185.8,1224402.9,6.05E-12,0.10261038
5166260.4,1223096.3,6.05E-12,0.1025396
5163335,1221790.5,6.06E-12,0.10246882
5160409.6,1220485.2,6.06E-12,0.10239805
5157484.2,1219180.7,6.06E-12,0.10232729
5154558.8,1217876.7,6.06E-12,0.10225654
5151633.3,1216573.5,6.06E-12,0.1021858
5148707.9,1215270.9,6.07E-12,0.10211506
5145782.5,1213968.9,6.07E-12,0.10204434
5142857.1,1212667.6,6.07E-12,0.10197362
5139931.7,1211367,6.07E-12,0.10190291
5137006.3,1210067,6.08E-12,0.10183221
5134080.9,1208767.7,6.08E-12,0.10176152
5131155.5,1207469,6.08E-12,0.10169084
5128230.1,1206171,6.08E-12,0.10162017
5125304.7,1204873.6,6.09E-12,0.10154951
5122379.3,1203576.9,6.09E-12,0.10147885
5119453.9,1202280.9,6.09E-12,0.10140821
5116528.5,1200985.5,6.09E-12,0.10133757
5113603.1,1199690.7,6.09E-12,0.10126694
5110677.7,1198396.6,6.10E-12,0.10119632
5107752.3,1197103.2,6.10E-12,0.10112571
5104826.9,1195810.5,6.10E-12,0.10105511
5101901.5,1194518.3,6.10E-12,0.10098452
5098976.1,1193226.9,6.11E-12,0.10091393
5096050.7,1191936.1,6.11E-12,0.10084336
5093125.3,1190645.9,6.11E-12,0.10077279
5090199.9,1189356.5,6.11E-12,0.10070224
5087274.5,1188067.6,6.12E-12,0.10063169
5084349.1,1186779.5,6.12E-12,0.10056115
5081423.7,1185491.9,6.12E-12,0.10049062
5078498.3,1184205.1,6.12E-12,0.1004201
5075572.9,1182918.9,6.13E-12,0.10034958
5072647.5,1181633.3,6.13E-12,0.10027908
5069722.1,1180348.4,6.13E-12,0.10020859
5066796.7,1179064.2,6.13E-12,0.1001381
5063871.3,1177780.6,6.13E-12,0.10006762
5060945.9,1176497.7,6.14E-12,0.099997154
5058020.5,1175215.4,6.14E-12,0.099926695
5055095.1,1173933.8,6.14E-12,0.099856245
5052169.7,1172652.9,6.14E-12,0.099785803
5049244.3,1171372.6,6.15E-12,0.099715371
5046318.9,1170093,6.15E-12,0.099644948
5043393.5,1168814,6.15E-12,0.099574533
5040468.1,1167535.6,6.15E-12,0.099504127
5037542.7,1166258,6.16E-12,0.099433731
5034617.3,1164981,6.16E-12,0.099363343
5031691.9,1163704.6,6.16E-12,0.099292964
5028766.5,1162428.9,6.16E-12,0.099222595
5025841.1,1161153.9,6.17E-12,0.099152234
5022915.7,1159879.5,6.17E-12,0.099081882
5019990.2,1158605.8,6.17E-12,0.099011539
5017064.8,1157332.7,6.17E-12,0.098941205
5014139.4,1156060.3,6.18E-12,0.098870881
5011214,1154788.6,6.18E-12,0.098800565
5008288.6,1153517.5,6.18E-12,0.098730258
5005363.2,1152247.1,6.18E-12,0.09865996
5002437.8,1150977.3,6.18E-12,0.098589671
4999512.4,1149708.2,6.19E-12,0.098519391
4996587,1148439.7,6.19E-12,0.09844912
4993661.6,1147171.9,6.19E-12,0.098378858
4990736.2,1145904.8,6.19E-12,0.098308606
4987810.8,1144638.3,6.20E-12,0.098238362
4984885.4,1143372.5,6.20E-12,0.098168127
4981960,1142107.3,6.20E-12,0.098097901
4979034.6,1140842.8,6.20E-12,0.098027684
4976109.2,1139578.9,6.21E-12,0.097957477
4973183.8,1138315.7,6.21E-12,0.097887278
4970258.4,1137053.2,6.21E-12,0.097817088
4967333,1135791.3,6.21E-12,0.097746908
4964407.6,1134530.1,6.22E-12,0.097676736
4961482.2,1133269.5,6.22E-12,0.097606574
4958556.8,1132009.6,6.22E-12,0.097536421
4955631.4,1130750.4,6.22E-12,0.097466276
4952706,1129491.8,6.23E-12,0.097396141
4949780.6,1128233.9,6.23E-12,0.097326015
4946855.2,1126976.6,6.23E-12,0.097255898
4943929.8,1125720,6.23E-12,0.09718579
4941004.4,1124464,6.24E-12,0.097115691
4938079,1123208.7,6.24E-12,0.097045601
4935153.6,1121954.1,6.24E-12,0.09697552
4932228.2,1120700.1,6.24E-12,0.096905449
4929302.8,1119446.8,6.25E-12,0.096835386
4926377.4,1118194.1,6.25E-12,0.096765333
4923452,1116942.1,6.25E-12,0.096695288
4920526.6,1115690.8,6.25E-12,0.096625253
4917601.2,1114440.1,6.26E-12,0.096555227
4914675.8,1113190.1,6.26E-12,0.09648521
4911750.4,1111940.7,6.26E-12,0.096415202
4908825,1110692,6.26E-12,0.096345203
4905899.6,1109444,6.27E-12,0.096275214
4902974.2,1108196.6,6.27E-12,0.096205234
4900048.8,1106949.9,6.27E-12,0.096135262
4897123.4,1105703.8,6.27E-12,0.0960653
4894198,1104458.4,6.28E-12,0.095995347
4891272.5,1103213.6,6.28E-12,0.095925403
4888347.1,1101969.5,6.28E-12,0.095855469
4885421.7,1100726.1,6.28E-12,0.095785543
4882496.3,1099483.3,6.29E-12,0.095715627
4879570.9,1098241.2,6.29E-12,0.09564572
4876645.5,1096999.8,6.29E-12,0.095575822
4873720.1,1095759,6.29E-12,0.095505933
4870794.7,1094518.9,6.30E-12,0.095436054
4867869.3,1093279.4,6.30E-12,0.095366183
4864943.9,1092040.6,6.30E-12,0.095296322
4862018.5,1090802.4,6.30E-12,0.09522647
4859093.1,1089564.9,6.31E-12,0.095156627
4856167.7,1088328.1,6.31E-12,0.095086794
4853242.3,1087091.9,6.31E-12,0.095016969
4850316.9,1085856.4,6.31E-12,0.094947154
4847391.5,1084621.6,6.32E-12,0.094877348
4844466.1,1083387.4,6.32E-12,0.094807552
4841540.7,1082153.8,6.32E-12,0.094737764
4838615.3,1080921,6.32E-12,0.094667986
4835689.9,1079688.7,6.33E-12,0.094598217
4832764.5,1078457.2,6.33E-12,0.094528457
4829839.1,1077226.3,6.33E-12,0.094458707
4826913.7,1075996.1,6.33E-12,0.094388966
4823988.3,1074766.5,6.34E-12,0.094319234
4821062.9,1073537.6,6.34E-12,0.094249511
4818137.5,1072309.3,6.34E-12,0.094179798
4815212.1,1071081.7,6.34E-12,0.094110094
4812286.7,1069854.8,6.35E-12,0.094040399
4809361.3,1068628.6,6.35E-12,0.093970713
4806435.9,1067402.9,6.35E-12,0.093901037
4803510.5,1066178,6.35E-12,0.09383137
4800585.1,1064953.7,6.36E-12,0.093761712
4797659.7,1063730.1,6.36E-12,0.093692064
4794734.3,1062507.1,6.36E-12,0.093622425
4791808.9,1061284.8,6.36E-12,0.093552795
4788883.5,1060063.2,6.37E-12,0.093483174
4785958.1,1058842.2,6.37E-12,0.093413563
4783032.7,1057621.9,6.37E-12,0.093343961
4780107.3,1056402.2,6.38E-12,0.093274369
4777181.9,1055183.2,6.38E-12,0.093204786
4774256.5,1053964.9,6.38E-12,0.093135212
4771331.1,1052747.2,6.38E-12,0.093065647
4768405.7,1051530.2,6.39E-12,0.092996092
4765480.3,1050313.8,6.39E-12,0.092926546
4762554.9,1049098.1,6.39E-12,0.09285701
4759629.4,1047883.1,6.39E-12,0.092787483
4756704,1046668.8,6.40E-12,0.092717965
4753778.6,1045455,6.40E-12,0.092648456
4750853.2,1044242,6.40E-12,0.092578957
4747927.8,1043029.6,6.40E-12,0.092509468
4745002.4,1041817.9,6.41E-12,0.092439987
4742077,1040606.8,6.41E-12,0.092370517
4739151.6,1039396.4,6.41E-12,0.092301055
4736226.2,1038186.7,6.41E-12,0.092231603
4733300.8,1036977.6,6.42E-12,0.09216216
4730375.4,1035769.2,6.42E-12,0.092092727
4727450,1034561.5,6.42E-12,0.092023303
4724524.6,1033354.4,6.42E-12,0.091953888
4721599.2,1032147.9,6.43E-12,0.091884483
4718673.8,1030942.2,6.43E-12,0.091815088
4715748.4,1029737.1,6.43E-12,0.091745701
4712823,1028532.6,6.44E-12,0.091676325
4709897.6,1027328.9,6.44E-12,0.091606957
4706972.2,1026125.7,6.44E-12,0.091537599
4704046.8,1024923.3,6.44E-12,0.091468251
4701121.4,1023721.5,6.45E-12,0.091398912
4698196,1022520.4,6.45E-12,0.091329582
4695270.6,1021319.9,6.45E-12,0.091260262
4692345.2,1020120.1,6.45E-12,0.091190951
4689419.8,1018921,6.46E-12,0.09112165
4686494.4,1017722.5,6.46E-12,0.091052358
4683569,1016524.7,6.46E-12,0.090983076
4680643.6,1015327.5,6.47E-12,0.090913803
4677718.2,1014131,6.47E-12,0.09084454
4674792.8,1012935.2,6.47E-12,0.090775286
4671867.4,1011740,6.47E-12,0.090706042
4668942,1010545.5,6.48E-12,0.090636807
4666016.6,1009351.7,6.48E-12,0.090567582
4663091.2,1008158.5,6.48E-12,0.090498366
4660165.8,1006966,6.48E-12,0.09042916
4657240.4,1005774.1,6.49E-12,0.090359963
4654315,1004583,6.49E-12,0.090290776
4651389.6,1003392.4,6.49E-12,0.090221598
4648464.2,1002202.6,6.49E-12,0.09015243
4645538.8,1001013.4,6.50E-12,0.090083271
4642613.4,999824.84,6.50E-12,0.090014122
4639688,998636.97,6.50E-12,0.089944982
4636762.6,997449.76,6.51E-12,0.089875852
4633837.2,996263.22,6.51E-12,0.089806732
4630911.8,995077.34,6.51E-12,0.089737621
4627986.3,993892.12,6.51E-12,0.089668519
4625060.9,992707.57,6.52E-12,0.089599428
4622135.5,991523.68,6.52E-12,0.089530345
4619210.1,990340.46,6.52E-12,0.089461273
4616284.7,989157.89,6.53E-12,0.08939221
4613359.3,987976,6.53E-12,0.089323156
4610433.9,986794.76,6.53E-12,0.089254112
4607508.5,985614.19,6.53E-12,0.089185078
4604583.1,984434.28,6.54E-12,0.089116053
4601657.7,983255.04,6.54E-12,0.089047038
4598732.3,982076.46,6.54E-12,0.088978033
4595806.9,980898.55,6.54E-12,0.088909037
4592881.5,979721.3,6.55E-12,0.088840051
4589956.1,978544.71,6.55E-12,0.088771074
4587030.7,977368.79,6.55E-12,0.088702107
4584105.3,976193.53,6.56E-12,0.08863315
4581179.9,975018.94,6.56E-12,0.088564202
4578254.5,973845.01,6.56E-12,0.088495264
4575329.1,972671.75,6.56E-12,0.088426336
4572403.7,971499.15,6.57E-12,0.088357417
4569478.3,970327.21,6.57E-12,0.088288508
4566552.9,969155.94,6.57E-12,0.088219608
4563627.5,967985.34,6.58E-12,0.088150719
4560702.1,966815.39,6.58E-12,0.088081839
4557776.7,965646.12,6.58E-12,0.088012968
4554851.3,964477.5,6.58E-12,0.087944108
4551925.9,963309.56,6.59E-12,0.087875256
4549000.5,962142.28,6.59E-12,0.087806415
4546075.1,960975.66,6.59E-12,0.087737583
4543149.7,959809.71,6.59E-12,0.087668762
4540224.3,958644.42,6.60E-12,0.087599949
4537298.9,957479.8,6.60E-12,0.087531147
4534373.5,956315.84,6.60E-12,0.087462354
4531448.1,955152.55,6.61E-12,0.087393571
4528522.7,953989.92,6.61E-12,0.087324798
4525597.3,952827.96,6.61E-12,0.087256034
4522671.9,951666.66,6.61E-12,0.08718728
4519746.5,950506.03,6.62E-12,0.087118536
4516821.1,949346.06,6.62E-12,0.087049801
4513895.7,948186.76,6.62E-12,0.086981077
4510970.3,947028.13,6.63E-12,0.086912362
4508044.9,945870.16,6.63E-12,0.086843657
4505119.5,944712.86,6.63E-12,0.086774961
4502194.1,943556.22,6.63E-12,0.086706276
4499268.6,942400.25,6.64E-12,0.0866376
4496343.2,941244.94,6.64E-12,0.086568934
4493417.8,940090.3,6.64E-12,0.086500278
4490492.4,938936.32,6.65E-12,0.086431631
4487567,937783.02,6.65E-12,0.086362995
4484641.6,936630.37,6.65E-12,0.086294368
4481716.2,935478.4,6.66E-12,0.086225751
4478790.8,934327.08,6.66E-12,0.086157144
4475865.4,933176.44,6.66E-12,0.086088546
4472940,932026.46,6.66E-12,0.086019959
4470014.6,930877.15,6.67E-12,0.085951381
4467089.2,929728.5,6.67E-12,0.085882813
4464163.8,928580.52,6.67E-12,0.085814255
4461238.4,927433.21,6.68E-12,0.085745706
4458313,926286.56,6.68E-12,0.085677168
4455387.6,925140.58,6.68E-12,0.085608639
4452462.2,923995.27,6.68E-12,0.085540121
4449536.8,922850.62,6.69E-12,0.085471612
4446611.4,921706.64,6.69E-12,0.085403113
4443686,920563.32,6.69E-12,0.085334624
4440760.6,919420.67,6.70E-12,0.085266145
4437835.2,918278.69,6.70E-12,0.085197675
4434909.8,917137.38,6.70E-12,0.085129216
4431984.4,915996.73,6.70E-12,0.085060766
4429059,914856.75,6.71E-12,0.084992326
4426133.6,913717.44,6.71E-12,0.084923897
4423208.2,912578.79,6.71E-12,0.084855477
4420282.8,911440.81,6.72E-12,0.084787067
4417357.4,910303.5,6.72E-12,0.084718667
4414432,909166.85,6.72E-12,0.084650277
4411506.6,908030.87,6.73E-12,0.084581897
4408581.2,906895.56,6.73E-12,0.084513526
4405655.8,905760.92,6.73E-12,0.084445166
4402730.4,904626.94,6.73E-12,0.084376816
4399805,903493.63,6.74E-12,0.084308475
4396879.6,902360.99,6.74E-12,0.084240145
4393954.2,901229.02,6.74E-12,0.084171824
4391028.8,900097.71,6.75E-12,0.084103514
4388103.4,898967.07,6.75E-12,0.084035213
4385178,897837.1,6.75E-12,0.083966923
4382252.6,896707.8,6.76E-12,0.083898642
4379327.2,895579.16,6.76E-12,0.083830371
4376401.8,894451.19,6.76E-12,0.083762111
4373476.4,893323.89,6.76E-12,0.08369386
4370551,892197.26,6.77E-12,0.083625619
4367625.5,891071.29,6.77E-12,0.083557389
4364700.1,889946,6.77E-12,0.083489168
4361774.7,888821.37,6.78E-12,0.083420957
4358849.3,887697.41,6.78E-12,0.083352757
4355923.9,886574.12,6.78E-12,0.083284566
4352998.5,885451.49,6.79E-12,0.083216386
4350073.1,884329.54,6.79E-12,0.083148215
4347147.7,883208.25,6.79E-12,0.083080055
4344222.3,882087.63,6.79E-12,0.083011904
4341296.9,880967.68,6.80E-12,0.082943764
4338371.5,879848.4,6.80E-12,0.082875634
4335446.1,878729.78,6.80E-12,0.082807513
4332520.7,877611.84,6.81E-12,0.082739403
4329595.3,876494.56,6.81E-12,0.082671303
4326669.9,875377.96,6.81E-12,0.082603213
4323744.5,874262.02,6.82E-12,0.082535133
4320819.1,873146.75,6.82E-12,0.082467063
4317893.7,872032.14,6.82E-12,0.082399004
4314968.3,870918.21,6.83E-12,0.082330954
4312042.9,869804.95,6.83E-12,0.082262915
4309117.5,868692.35,6.83E-12,0.082194885
4306192.1,867580.43,6.83E-12,0.082126866
4303266.7,866469.17,6.84E-12,0.082058857
4300341.3,865358.58,6.84E-12,0.081990858
4297415.9,864248.67,6.84E-12,0.081922869
4294490.5,863139.42,6.85E-12,0.08185489
4291565.1,862030.84,6.85E-12,0.081786921
4288639.7,860922.93,6.85E-12,0.081718963
4285714.3,859815.69,6.86E-12,0.081651014
4282788.9,858709.11,6.86E-12,0.081583076
4279863.5,857603.21,6.86E-12,0.081515148
4276938.1,856497.98,6.87E-12,0.08144723
4274012.7,855393.42,6.87E-12,0.081379323
4271087.3,854289.52,6.87E-12,0.081311425
4268161.9,853186.3,6.88E-12,0.081243538
4265236.5,852083.75,6.88E-12,0.081175661
4262311.1,850981.86,6.88E-12,0.081107794
4259385.7,849880.65,6.88E-12,0.081039937
4256460.3,848780.1,6.89E-12,0.080972091
4253534.9,847680.23,6.89E-12,0.080904254
4250609.5,846581.02,6.89E-12,0.080836428
4247684.1,845482.49,6.90E-12,0.080768613
4244758.7,844384.63,6.90E-12,0.080700807
4241833.3,843287.43,6.90E-12,0.080633012
4238907.8,842190.91,6.91E-12,0.080565226
4235982.4,841095.06,6.91E-12,0.080497452
4233057,839999.87,6.91E-12,0.080429687
4230131.6,838905.36,6.92E-12,0.080361933
4227206.2,837811.52,6.92E-12,0.080294189
4224280.8,836718.35,6.92E-12,0.080226455
4221355.4,835625.84,6.93E-12,0.080158731
4218430,834534.01,6.93E-12,0.080091018
4215504.6,833442.85,6.93E-12,0.080023315
4212579.2,832352.37,6.94E-12,0.079955622
4209653.8,831262.55,6.94E-12,0.07988794
4206728.4,830173.4,6.94E-12,0.079820268
4203803,829084.92,6.95E-12,0.079752606
4200877.6,827997.12,6.95E-12,0.079684954
4197952.2,826909.98,6.95E-12,0.079617313
4195026.8,825823.52,6.96E-12,0.079549682
4192101.4,824737.72,6.96E-12,0.079482062
4189176,823652.6,6.96E-12,0.079414452
4186250.6,822568.15,6.96E-12,0.079346852
4183325.2,821484.37,6.97E-12,0.079279263
4180399.8,820401.27,6.97E-12,0.079211683
4177474.4,819318.83,6.97E-12,0.079144115
4174549,818237.06,6.98E-12,0.079076556
4171623.6,817155.97,6.98E-12,0.079009008
4168698.2,816075.55,6.98E-12,0.078941471
4165772.8,814995.8,6.99E-12,0.078873943
4162847.4,813916.72,6.99E-12,0.078806426
4159922,812838.31,6.99E-12,0.07873892
4156996.6,811760.57,7.00E-12,0.078671424
4154071.2,810683.51,7.00E-12,0.078603938
4151145.8,809607.12,7.00E-12,0.078536463
4148220.4,808531.4,7.01E-12,0.078468998
4145295,807456.35,7.01E-12,0.078401544
4142369.6,806381.97,7.01E-12,0.0783341
4139444.2,805308.27,7.02E-12,0.078266666
4136518.8,804235.24,7.02E-12,0.078199243
4133593.4,803162.88,7.02E-12,0.07813183
4130668,802091.19,7.03E-12,0.078064428
4127742.6,801020.17,7.03E-12,0.077997036
4124817.2,799949.83,7.03E-12,0.077929655
4121891.8,798880.16,7.04E-12,0.077862284
4118966.4,797811.16,7.04E-12,0.077794924
4116041,796742.84,7.04E-12,0.077727574
4113115.6,795675.18,7.05E-12,0.077660235
4110190.2,794608.2,7.05E-12,0.077592906
4107264.7,793541.89,7.05E-12,0.077525587
4104339.3,792476.26,7.06E-12,0.077458279
4101413.9,791411.3,7.06E-12,0.077390982
4098488.5,790347.01,7.06E-12,0.077323695
4095563.1,789283.39,7.07E-12,0.077256419
4092637.7,788220.44,7.07E-12,0.077189153
4089712.3,787158.17,7.07E-12,0.077121898
4086786.9,786096.58,7.08E-12,0.077054653
4083861.5,785035.65,7.08E-12,0.076987419
4080936.1,783975.4,7.08E-12,0.076920195
4078010.7,782915.82,7.09E-12,0.076852982
4075085.3,781856.91,7.09E-12,0.076785779
4072159.9,780798.68,7.09E-12,0.076718587
4069234.5,779741.12,7.10E-12,0.076651406
4066309.1,778684.24,7.10E-12,0.076584235
4063383.7,777628.03,7.10E-12,0.076517075
4060458.3,776572.49,7.11E-12,0.076449925
4057532.9,775517.62,7.11E-12,0.076382786
4054607.5,774463.43,7.11E-12,0.076315658
4051682.1,773409.91,7.12E-12,0.07624854
4048756.7,772357.07,7.12E-12,0.076181433
4045831.3,771304.9,7.13E-12,0.076114336
4042905.9,770253.4,7.13E-12,0.07604725
4039980.5,769202.58,7.13E-12,0.075980175
4037055.1,768152.43,7.14E-12,0.07591311
4034129.7,767102.96,7.14E-12,0.075846056
4031204.3,766054.16,7.14E-12,0.075779012
4028278.9,765006.03,7.15E-12,0.07571198
4025353.5,763958.58,7.15E-12,0.075644958
4022428.1,762911.8,7.15E-12,0.075577946
4019502.7,761865.7,7.16E-12,0.075510945
4016577.3,760820.27,7.16E-12,0.075443955
4013651.9,759775.52,7.16E-12,0.075376976
4010726.5,758731.44,7.17E-12,0.075310007
4007801.1,757688.03,7.17E-12,0.075243049
4004875.7,756645.3,7.17E-12,0.075176102
4001950.3,755603.24,7.18E-12,0.075109166
3999024.9,754561.86,7.18E-12,0.07504224
3996099.5,753521.15,7.18E-12,0.074975325
3993174.1,752481.12,7.19E-12,0.07490842
3990248.7,751441.77,7.19E-12,0.074841527
3987323.3,750403.08,7.19E-12,0.074774644
3984397.9,749365.08,7.20E-12,0.074707772
3981472.5,748327.74,7.20E-12,0.07464091
3978547.1,747291.09,7.21E-12,0.074574059
3975621.6,746255.1,7.21E-12,0.07450722
3972696.2,745219.8,7.21E-12,0.07444039
3969770.8,744185.17,7.22E-12,0.074373572
3966845.4,743151.21,7.22E-12,0.074306765
3963920,742117.93,7.22E-12,0.074239968
3960994.6,741085.32,7.23E-12,0.074173182
3958069.2,740053.39,7.23E-12,0.074106407
3955143.8,739022.14,7.23E-12,0.074039643
3952218.4,737991.56,7.24E-12,0.073972889
3949293,736961.66,7.24E-12,0.073906146
3946367.6,735932.43,7.24E-12,0.073839414
3943442.2,734903.88,7.25E-12,0.073772693
3940516.8,733876,7.25E-12,0.073705983
3937591.4,732848.8,7.26E-12,0.073639284
3934666,731822.28,7.26E-12,0.073572595
3931740.6,730796.43,7.26E-12,0.073505918
3928815.2,729771.26,7.27E-12,0.073439251
3925889.8,728746.76,7.27E-12,0.073372595
3922964.4,727722.94,7.27E-12,0.07330595
3920039,726699.8,7.28E-12,0.073239316
3917113.6,725677.33,7.28E-12,0.073172693
3914188.2,724655.54,7.28E-12,0.073106081
3911262.8,723634.42,7.29E-12,0.073039479
3908337.4,722613.99,7.29E-12,0.072972889
3905412,721594.22,7.29E-12,0.072906309
3902486.6,720575.14,7.30E-12,0.072839741
3899561.2,719556.73,7.30E-12,0.072773183
3896635.8,718539,7.31E-12,0.072706636
3893710.4,717521.94,7.31E-12,0.0726401
3890785,716505.57,7.31E-12,0.072573575
3887859.6,715489.86,7.32E-12,0.072507061
3884934.2,714474.84,7.32E-12,0.072440558
3882008.8,713460.49,7.32E-12,0.072374066
3879083.4,712446.82,7.33E-12,0.072307585
3876158,711433.83,7.33E-12,0.072241115
3873232.6,710421.51,7.34E-12,0.072174656
3870307.2,709409.87,7.34E-12,0.072108208
3867381.8,708398.91,7.34E-12,0.072041771
3864456.4,707388.63,7.35E-12,0.071975345
3861531,706379.02,7.35E-12,0.07190893
3858605.6,705370.09,7.35E-12,0.071842526
3855680.2,704361.84,7.36E-12,0.071776133
3852754.8,703354.27,7.36E-12,0.071709751
3849829.4,702347.37,7.37E-12,0.07164338
3846903.9,701341.15,7.37E-12,0.071577021
3843978.5,700335.61,7.37E-12,0.071510672
3841053.1,699330.74,7.38E-12,0.071444334
3838127.7,698326.56,7.38E-12,0.071378007
3835202.3,697323.05,7.38E-12,0.071311692
3832276.9,696320.22,7.39E-12,0.071245387
3829351.5,695318.07,7.39E-12,0.071179094
3826426.1,694316.6,7.40E-12,0.071112812
3823500.7,693315.8,7.40E-12,0.07104654
3820575.3,692315.68,7.40E-12,0.07098028
3817649.9,691316.24,7.41E-12,0.070914031
3814724.5,690317.48,7.41E-12,0.070847793
3811799.1,689319.4,7.41E-12,0.070781566
3808873.7,688322,7.42E-12,0.070715351
3805948.3,687325.27,7.42E-12,0.070649146
3803022.9,686329.22,7.43E-12,0.070582953
3800097.5,685333.86,7.43E-12,0.070516771
3797172.1,684339.17,7.43E-12,0.0704506
3794246.7,683345.16,7.44E-12,0.07038444
3791321.3,682351.82,7.44E-12,0.070318291
3788395.9,681359.17,7.44E-12,0.070252154
3785470.5,680367.2,7.45E-12,0.070186027
3782545.1,679375.9,7.45E-12,0.070119912
3779619.7,678385.28,7.46E-12,0.070053808
3776694.3,677395.35,7.46E-12,0.069987716
3773768.9,676406.09,7.46E-12,0.069921634
3770843.5,675417.51,7.47E-12,0.069855564
3767918.1,674429.61,7.47E-12,0.069789505
3764992.7,673442.39,7.48E-12,0.069723457
3762067.3,672455.85,7.48E-12,0.069657421
3759141.9,671469.99,7.48E-12,0.069591395
3756216.5,670484.81,7.49E-12,0.069525381
3753291.1,669500.31,7.49E-12,0.069459378
3750365.7,668516.48,7.49E-12,0.069393387
3747440.3,667533.34,7.50E-12,0.069327407
3744514.9,666550.88,7.50E-12,0.069261438
3741589.5,665569.09,7.51E-12,0.06919548
3738664.1,664587.99,7.51E-12,0.069129533
3735738.7,663607.57,7.51E-12,0.069063598
3732813.3,662627.82,7.52E-12,0.068997675
3729887.9,661648.76,7.52E-12,0.068931762
3726962.5,660670.38,7.53E-12,0.068865861
3724037.1,659692.67,7.53E-12,0.068799971
3721111.7,658715.65,7.53E-12,0.068734093
3718186.3,657739.31,7.54E-12,0.068668226
3715260.8,656763.65,7.54E-12,0.06860237
3712335.4,655788.67,7.55E-12,0.068536525
3709410,654814.36,7.55E-12,0.068470692
3706484.6,653840.74,7.55E-12,0.068404871
3703559.2,652867.8,7.56E-12,0.06833906
3700633.8,651895.54,7.56E-12,0.068273262
3697708.4,650923.97,7.57E-12,0.068207474
3694783,649953.07,7.57E-12,0.068141698
3691857.6,648982.85,7.57E-12,0.068075933
3688932.2,648013.32,7.58E-12,0.06801018
3686006.8,647044.46,7.58E-12,0.067944438
3683081.4,646076.29,7.59E-12,0.067878708
3680156,645108.79,7.59E-12,0.067812989
3677230.6,644141.98,7.59E-12,0.067747281
3674305.2,643175.85,7.60E-12,0.067681585
3671379.8,642210.4,7.60E-12,0.0676159
3668454.4,641245.63,7.61E-12,0.067550227
3665529,640281.55,7.61E-12,0.067484565
3662603.6,639318.14,7.61E-12,0.067418915
3659678.2,638355.42,7.62E-12,0.067353277
3656752.8,637393.38,7.62E-12,0.067287649
3653827.4,636432.02,7.63E-12,0.067222034
3650902,635471.34,7.63E-12,0.067156429
3647976.6,634511.34,7.63E-12,0.067090837
3645051.2,633552.03,7.64E-12,0.067025255
3642125.8,632593.4,7.64E-12,0.066959686
3639200.4,631635.44,7.65E-12,0.066894128
3636275,630678.18,7.65E-12,0.066828581
3633349.6,629721.59,7.65E-12,0.066763046
3630424.2,628765.68,7.66E-12,0.066697522
3627498.8,627810.46,7.66E-12,0.066632011
3624573.4,626855.92,7.67E-12,0.06656651
3621648,625902.06,7.67E-12,0.066501021
3618722.6,624948.89,7.68E-12,0.066435544
3615797.2,623996.4,7.68E-12,0.066370079
3612871.8,623044.59,7.68E-12,0.066304625
3609946.4,622093.46,7.69E-12,0.066239182
3607021,621143.01,7.69E-12,0.066173752
3604095.6,620193.25,7.70E-12,0.066108332
3601170.2,619244.17,7.70E-12,0.066042925
3598244.8,618295.78,7.70E-12,0.065977529
3595319.4,617348.06,7.71E-12,0.065912145
3592394,616401.03,7.71E-12,0.065846772
3589468.6,615454.68,7.72E-12,0.065781411
3586543.1,614509.02,7.72E-12,0.065716062
3583617.7,613564.04,7.73E-12,0.065650725
3580692.3,612619.74,7.73E-12,0.065585399
3577766.9,611676.13,7.73E-12,0.065520085
3574841.5,610733.19,7.74E-12,0.065454782
3571916.1,609790.95,7.74E-12,0.065389491
3568990.7,608849.38,7.75E-12,0.065324212
3566065.3,607908.5,7.75E-12,0.065258945
3563139.9,606968.3,7.76E-12,0.065193689
3560214.5,606028.79,7.76E-12,0.065128446
3557289.1,605089.96,7.76E-12,0.065063214
3554363.7,604151.81,7.77E-12,0.064997993
3551438.3,603214.35,7.77E-12,0.064932785
3548512.9,602277.57,7.78E-12,0.064867588
3545587.5,601341.48,7.78E-12,0.064802403
3542662.1,600406.07,7.79E-12,0.064737229
3539736.7,599471.34,7.79E-12,0.064672068
3536811.3,598537.3,7.79E-12,0.064606918
3533885.9,597603.94,7.80E-12,0.06454178
3530960.5,596671.27,7.80E-12,0.064476654
3528035.1,595739.28,7.81E-12,0.06441154
3525109.7,594807.98,7.81E-12,0.064346437
3522184.3,593877.36,7.82E-12,0.064281347
3519258.9,592947.42,7.82E-12,0.064216268
3516333.5,592018.17,7.82E-12,0.064151201
3513408.1,591089.6,7.83E-12,0.064086146
3510482.7,590161.72,7.83E-12,0.064021103
3507557.3,589234.53,7.84E-12,0.063956072
3504631.9,588308.01,7.84E-12,0.063891052
3501706.5,587382.19,7.85E-12,0.063826045
3498781.1,586457.05,7.85E-12,0.063761049
3495855.7,585532.59,7.85E-12,0.063696065
3492930.3,584608.82,7.86E-12,0.063631093
3490004.9,583685.73,7.86E-12,0.063566133
3487079.5,582763.33,7.87E-12,0.063501185
3484154.1,581841.62,7.87E-12,0.063436249
3481228.7,580920.59,7.88E-12,0.063371325
3478303.3,580000.24,7.88E-12,0.063306413
3475377.9,579080.58,7.89E-12,0.063241513
3472452.5,578161.61,7.89E-12,0.063176625
3469527.1,577243.32,7.89E-12,0.063111749
3466601.7,576325.72,7.90E-12,0.063046884
3463676.3,575408.81,7.90E-12,0.062982032
3460750.9,574492.58,7.91E-12,0.062917192
3457825.5,573577.03,7.91E-12,0.062852363
3454900,572662.17,7.92E-12,0.062787547
3451974.6,571748,7.92E-12,0.062722743
3449049.2,570834.52,7.93E-12,0.062657951
3446123.8,569921.72,7.93E-12,0.062593171
3443198.4,569009.6,7.93E-12,0.062528402
3440273,568098.18,7.94E-12,0.062463646
3437347.6,567187.44,7.94E-12,0.062398902
3434422.2,566277.38,7.95E-12,0.06233417
3431496.8,565368.01,7.95E-12,0.062269451
3428571.4,564459.33,7.96E-12,0.062204743
3425646,563551.34,7.96E-12,0.062140047
3422720.6,562644.03,7.97E-12,0.062075364
3419795.2,561737.41,7.97E-12,0.062010692
3416869.8,560831.48,7.98E-12,0.061946033
3413944.4,559926.23,7.98E-12,0.061881386
3411019,559021.67,7.98E-12,0.06181675
3408093.6,558117.8,7.99E-12,0.061752127
3405168.2,557214.61,7.99E-12,0.061687517
3402242.8,556312.12,8.00E-12,0.061622918
3399317.4,555410.3,8.00E-12,0.061558332
3396392,554509.18,8.01E-12,0.061493757
3393466.6,553608.75,8.01E-12,0.061429195
3390541.2,552709,8.02E-12,0.061364645
3387615.8,551809.94,8.02E-12,0.061300108
3384690.4,550911.56,8.03E-12,0.061235582
3381765,550013.88,8.03E-12,0.061171069
3378839.6,549116.88,8.03E-12,0.061106568
3375914.2,548220.57,8.04E-12,0.061042079
3372988.8,547324.95,8.04E-12,0.060977602
3370063.4,546430.01,8.05E-12,0.060913138
3367138,545535.77,8.05E-12,0.060848686
3364212.6,544642.21,8.06E-12,0.060784246
3361287.2,543749.34,8.06E-12,0.060719819
3358361.8,542857.16,8.07E-12,0.060655403
3355436.4,541965.66,8.07E-12,0.060591
3352511,541074.86,8.08E-12,0.06052661
3349585.6,540184.74,8.08E-12,0.060462231
3346660.2,539295.31,8.09E-12,0.060397865
3343734.8,538406.57,8.09E-12,0.060333512
3340809.4,537518.52,8.10E-12,0.06026917
3337884,536631.16,8.10E-12,0.060204841
3334958.6,535744.49,8.11E-12,0.060140524
3332033.2,534858.5,8.11E-12,0.06007622
3329107.8,533973.21,8.11E-12,0.060011928
3326182.4,533088.6,8.12E-12,0.059947649
3323256.9,532204.68,8.12E-12,0.059883381
3320331.5,531321.46,8.13E-12,0.059819127
3317406.1,530438.92,8.13E-12,0.059754884
3314480.7,529557.07,8.14E-12,0.059690654
3311555.3,528675.91,8.14E-12,0.059626437
3308629.9,527795.43,8.15E-12,0.059562231
3305704.5,526915.65,8.15E-12,0.059498039
3302779.1,526036.56,8.16E-12,0.059433858
3299853.7,525158.16,8.16E-12,0.059369691
3296928.3,524280.45,8.17E-12,0.059305535
3294002.9,523403.42,8.17E-12,0.059241392
3291077.5,522527.09,8.18E-12,0.059177262
3288152.1,521651.45,8.18E-12,0.059113144
3285226.7,520776.49,8.19E-12,0.059049039
3282301.3,519902.23,8.19E-12,0.058984946
3279375.9,519028.66,8.20E-12,0.058920865
3276450.5,518155.77,8.20E-12,0.058856797
3273525.1,517283.58,8.21E-12,0.058792742
3270599.7,516412.08,8.21E-12,0.058728699
3267674.3,515541.27,8.22E-12,0.058664669
3264748.9,514671.15,8.22E-12,0.058600651
3261823.5,513801.71,8.23E-12,0.058536646
3258898.1,512932.97,8.23E-12,0.058472654
3255972.7,512064.92,8.24E-12,0.058408674
3253047.3,511197.57,8.24E-12,0.058344706
3250121.9,510330.9,8.25E-12,0.058280751
3247196.5,509464.92,8.25E-12,0.058216809
3244271.1,508599.63,8.26E-12,0.05815288
3241345.7,507735.04,8.26E-12,0.058088963
3238420.3,506871.13,8.27E-12,0.058025058
3235494.9,506007.92,8.27E-12,0.057961167
3232569.5,505145.4,8.28E-12,0.057897288
3229644.1,504283.57,8.28E-12,0.057833421
3226718.7,503422.43,8.29E-12,0.057769568
3223793.3,502561.98,8.29E-12,0.057705727
3220867.9,501702.23,8.30E-12,0.057641899
3217942.5,500843.16,8.30E-12,0.057578083
3215017.1,499984.79,8.31E-12,0.05751428
3212091.7,499127.11,8.31E-12,0.05745049
3209166.3,498270.12,8.32E-12,0.057386712
3206240.9,497413.82,8.32E-12,0.057322948
3203315.5,496558.22,8.33E-12,0.057259196
3200390.1,495703.3,8.33E-12,0.057195457
3197464.7,494849.08,8.34E-12,0.05713173
3194539.2,493995.55,8.34E-12,0.057068016
3191613.8,493142.72,8.35E-12,0.057004316
3188688.4,492290.57,8.35E-12,0.056940627
3185763,491439.12,8.36E-12,0.056876952
3182837.6,490588.36,8.36E-12,0.05681329
3179912.2,489738.29,8.37E-12,0.05674964
3176986.8,488888.92,8.37E-12,0.056686003
3174061.4,488040.24,8.38E-12,0.056622379
3171136,487192.25,8.38E-12,0.056558768
3168210.6,486344.95,8.39E-12,0.05649517
3165285.2,485498.35,8.39E-12,0.056431584
3162359.8,484652.44,8.40E-12,0.056368012
3159434.4,483807.22,8.40E-12,0.056304452
3156509,482962.7,8.41E-12,0.056240905
3153583.6,482118.86,8.41E-12,0.056177371
3150658.2,481275.73,8.42E-12,0.05611385
3147732.8,480433.28,8.42E-12,0.056050342
3144807.4,479591.53,8.43E-12,0.055986847
3141882,478750.47,8.43E-12,0.055923365
3138956.6,477910.11,8.44E-12,0.055859896
3136031.2,477070.44,8.44E-12,0.055796439
3133105.8,476231.46,8.45E-12,0.055732996
3130180.4,475393.18,8.46E-12,0.055669566
3127255,474555.59,8.46E-12,0.055606148
3124329.6,473718.7,8.47E-12,0.055542744
3121404.2,472882.49,8.47E-12,0.055479353
3118478.8,472046.99,8.48E-12,0.055415974
3115553.4,471212.17,8.48E-12,0.055352609
3112628,470378.06,8.49E-12,0.055289257
3109702.6,469544.63,8.49E-12,0.055225917
3106777.2,468711.9,8.50E-12,0.055162591
3103851.8,467879.87,8.50E-12,0.055099278
3100926.4,467048.53,8.51E-12,0.055035978
3098001,466217.88,8.51E-12,0.054972691
3095075.6,465387.93,8.52E-12,0.054909417
3092150.2,464558.67,8.52E-12,0.054846156
3089224.8,463730.11,8.53E-12,0.054782909
3086299.4,462902.24,8.54E-12,0.054719674
3083374,462075.07,8.54E-12,0.054656453
3080448.6,461248.59,8.55E-12,0.054593244
3077523.2,460422.81,8.55E-12,0.054530049
3074597.8,459597.72,8.56E-12,0.054466867
3071672.4,458773.33,8.56E-12,0.054403698
3068747,457949.63,8.57E-12,0.054340543
3065821.6,457126.63,8.57E-12,0.0542774
3062896.1,456304.33,8.58E-12,0.054214271
3059970.7,455482.72,8.58E-12,0.054151155
3057045.3,454661.8,8.59E-12,0.054088052
3054119.9,453841.59,8.59E-12,0.054024963
3051194.5,453022.06,8.60E-12,0.053961886
3048269.1,452203.24,8.61E-12,0.053898823
3045343.7,451385.11,8.61E-12,0.053835773
3042418.3,450567.67,8.62E-12,0.053772737
3039492.9,449750.93,8.62E-12,0.053709713
3036567.5,448934.89,8.63E-12,0.053646703
3033642.1,448119.54,8.63E-12,0.053583707
3030716.7,447304.89,8.64E-12,0.053520723
3027791.3,446490.94,8.64E-12,0.053457753
3024865.9,445677.68,8.65E-12,0.053394796
3021940.5,444865.12,8.66E-12,0.053331853
3019015.1,444053.26,8.66E-12,0.053268923
3016089.7,443242.09,8.67E-12,0.053206006
3013164.3,442431.62,8.67E-12,0.053143103
3010238.9,441621.85,8.68E-12,0.053080213
3007313.5,440812.77,8.68E-12,0.053017336
3004388.1,440004.39,8.69E-12,0.052954473
3001462.7,439196.71,8.70E-12,0.052891623
2998537.3,438389.72,8.70E-12,0.052828787
2995611.9,437583.44,8.71E-12,0.052765964
2992686.5,436777.85,8.71E-12,0.052703154
2989761.1,435972.95,8.72E-12,0.052640358
2986835.7,435168.76,8.72E-12,0.052577576
2983910.3,434365.26,8.73E-12,0.052514807
2980984.9,433562.46,8.73E-12,0.052452051
2978059.5,432760.36,8.74E-12,0.052389309
2975134.1,431958.95,8.75E-12,0.05232658
2972208.7,431158.24,8.75E-12,0.052263865
2969283.3,430358.24,8.76E-12,0.052201163
2966357.9,429558.92,8.76E-12,0.052138475
2963432.5,428760.31,8.77E-12,0.052075801
2960507.1,427962.4,8.78E-12,0.05201314
2957581.7,427165.18,8.78E-12,0.051950492
2954656.3,426368.66,8.79E-12,0.051887859
2951730.9,425572.84,8.79E-12,0.051825238
2948805.5,424777.72,8.80E-12,0.051762632
2945880.1,423983.3,8.80E-12,0.051700039
2942954.7,423189.58,8.81E-12,0.051637459
2940029.3,422396.55,8.82E-12,0.051574893
2937103.9,421604.22,8.82E-12,0.051512341
2934178.4,420812.6,8.83E-12,0.051449803
2931253,420021.67,8.83E-12,0.051387278
2928327.6,419231.44,8.84E-12,0.051324766
2925402.2,418441.91,8.85E-12,0.051262269
2922476.8,417653.08,8.85E-12,0.051199785
2919551.4,416864.95,8.86E-12,0.051137315
2916626,416077.51,8.86E-12,0.051074859
2913700.6,415290.78,8.87E-12,0.051012416
2910775.2,414504.75,8.87E-12,0.050949987
2907849.8,413719.41,8.88E-12,0.050887572
2904924.4,412934.78,8.89E-12,0.05082517
2901999,412150.85,8.89E-12,0.050762783
2899073.6,411367.61,8.90E-12,0.050700409
2896148.2,410585.08,8.90E-12,0.050638048
2893222.8,409803.24,8.91E-12,0.050575702
2890297.4,409022.11,8.92E-12,0.05051337
2887372,408241.68,8.92E-12,0.050451051
2884446.6,407461.94,8.93E-12,0.050388746
2881521.2,406682.91,8.93E-12,0.050326455
2878595.8,405904.58,8.94E-12,0.050264178
2875670.4,405126.94,8.95E-12,0.050201914
2872745,404350.01,8.95E-12,0.050139665
2869819.6,403573.78,8.96E-12,0.050077429
2866894.2,402798.25,8.97E-12,0.050015208
2863968.8,402023.42,8.97E-12,0.049953
2861043.4,401249.29,8.98E-12,0.049890806
2858118,400475.86,8.98E-12,0.049828626
2855192.6,399703.14,8.99E-12,0.04976646
2852267.2,398931.11,9.00E-12,0.049704308
2849341.8,398159.79,9.00E-12,0.04964217
2846416.4,397389.16,9.01E-12,0.049580046
2843491,396619.24,9.01E-12,0.049517936
2840565.6,395850.02,9.02E-12,0.04945584
2837640.2,395081.5,9.03E-12,0.049393758
2834714.8,394313.69,9.03E-12,0.04933169
2831789.4,393546.57,9.04E-12,0.049269636
2828864,392780.16,9.05E-12,0.049207596
2825938.6,392014.45,9.05E-12,0.04914557
2823013.2,391249.44,9.06E-12,0.049083558
2820087.8,390485.13,9.06E-12,0.04902156
2817162.4,389721.53,9.07E-12,0.048959577
2814237,388958.62,9.08E-12,0.048897607
2811311.6,388196.42,9.08E-12,0.048835652
2808386.2,387434.93,9.09E-12,0.04877371
2805460.8,386674.13,9.10E-12,0.048711783
2802535.3,385914.04,9.10E-12,0.04864987
2799609.9,385154.65,9.11E-12,0.048587971
2796684.5,384395.96,9.11E-12,0.048526086
2793759.1,383637.97,9.12E-12,0.048464216
2790833.7,382880.69,9.13E-12,0.048402359
2787908.3,382124.11,9.13E-12,0.048340517
2784982.9,381368.24,9.14E-12,0.048278689
2782057.5,380613.07,9.15E-12,0.048216875
2779132.1,379858.6,9.15E-12,0.048155076
2776206.7,379104.83,9.16E-12,0.048093291
2773281.3,378351.77,9.17E-12,0.04803152
2770355.9,377599.41,9.17E-12,0.047969763
2767430.5,376847.75,9.18E-12,0.047908021
2764505.1,376096.8,9.19E-12,0.047846292
2761579.7,375346.55,9.19E-12,0.047784579
2758654.3,374597.01,9.20E-12,0.047722879
2755728.9,373848.17,9.20E-12,0.047661194
2752803.5,373100.03,9.21E-12,0.047599523
2749878.1,372352.6,9.22E-12,0.047537867
2746952.7,371605.87,9.22E-12,0.047476225
2744027.3,370859.85,9.23E-12,0.047414597
2741101.9,370114.53,9.24E-12,0.047352983
2738176.5,369369.91,9.24E-12,0.047291385
2735251.1,368626,9.25E-12,0.0472298
2732325.7,367882.8,9.26E-12,0.04716823
2729400.3,367140.29,9.26E-12,0.047106674
2726474.9,366398.5,9.27E-12,0.047045133
2723549.5,365657.41,9.28E-12,0.046983606
2720624.1,364917.02,9.28E-12,0.046922094
2717698.7,364177.34,9.29E-12,0.046860596
2714773.3,363438.36,9.30E-12,0.046799113
2711847.9,362700.09,9.30E-12,0.046737644
2708922.5,361962.52,9.31E-12,0.04667619
2705997.1,361225.66,9.32E-12,0.046614751
2703071.7,360489.51,9.32E-12,0.046553325
2700146.3,359754.06,9.33E-12,0.046491915
2697220.9,359019.31,9.34E-12,0.046430519
2694295.5,358285.28,9.34E-12,0.046369137
2691370.1,357551.94,9.35E-12,0.046307771
2688444.7,356819.32,9.36E-12,0.046246418
2685519.3,356087.4,9.36E-12,0.046185081
2682593.9,355356.18,9.37E-12,0.046123758
2679668.5,354625.67,9.38E-12,0.04606245
2676743.1,353895.87,9.39E-12,0.046001156
2673817.6,353166.78,9.39E-12,0.045939877
2670892.2,352438.39,9.40E-12,0.045878613
2667966.8,351710.7,9.41E-12,0.045817363
2665041.4,350983.73,9.41E-12,0.045756128
2662116,350257.46,9.42E-12,0.045694908
2659190.6,349531.89,9.43E-12,0.045633703
2656265.2,348807.04,9.43E-12,0.045572512
2653339.8,348082.89,9.44E-12,0.045511336
2650414.4,347359.45,9.45E-12,0.045450175
2647489,346636.71,9.45E-12,0.045389029
2644563.6,345914.69,9.46E-12,0.045327898
2641638.2,345193.37,9.47E-12,0.045266781
2638712.8,344472.75,9.48E-12,0.045205679
2635787.4,343752.85,9.48E-12,0.045144592
2632862,343033.65,9.49E-12,0.04508352
2629936.6,342315.16,9.50E-12,0.045022462
2627011.2,341597.38,9.50E-12,0.04496142
2624085.8,340880.3,9.51E-12,0.044900392
2621160.4,340163.94,9.52E-12,0.04483938
2618235,339448.28,9.52E-12,0.044778382
2615309.6,338733.33,9.53E-12,0.044717399
2612384.2,338019.09,9.54E-12,0.044656431
2609458.8,337305.55,9.55E-12,0.044595479
2606533.4,336592.73,9.55E-12,0.044534541
2603608,335880.61,9.56E-12,0.044473618
2600682.6,335169.2,9.57E-12,0.04441271
2597757.2,334458.5,9.57E-12,0.044351817
2594831.8,333748.51,9.58E-12,0.044290939
2591906.4,333039.23,9.59E-12,0.044230076
2588981,332330.66,9.60E-12,0.044169228
2586055.6,331622.79,9.60E-12,0.044108395
2583130.2,330915.64,9.61E-12,0.044047578
2580204.8,330209.19,9.62E-12,0.043986775
2577279.4,329503.45,9.63E-12,0.043925988
2574354,328798.43,9.63E-12,0.043865215
2571428.6,328094.11,9.64E-12,0.043804458
2568503.2,327390.5,9.65E-12,0.043743716
2565577.8,326687.6,9.65E-12,0.043682989
2562652.4,325985.41,9.66E-12,0.043622277
2559727,325283.94,9.67E-12,0.04356158
2556801.6,324583.17,9.68E-12,0.043500899
2553876.2,323883.11,9.68E-12,0.043440233
2550950.8,323183.76,9.69E-12,0.043379582
2548025.4,322485.12,9.70E-12,0.043318946
2545100,321787.19,9.71E-12,0.043258325
2542174.5,321089.98,9.71E-12,0.04319772
2539249.1,320393.47,9.72E-12,0.04313713
2536323.7,319697.67,9.73E-12,0.043076556
2533398.3,319002.59,9.74E-12,0.043015996
2530472.9,318308.21,9.74E-12,0.042955452
2527547.5,317614.55,9.75E-12,0.042894923
2524622.1,316921.59,9.76E-12,0.04283441
2521696.7,316229.35,9.77E-12,0.042773912
2518771.3,315537.82,9.77E-12,0.042713429
2515845.9,314847,9.78E-12,0.042652962
2512920.5,314156.89,9.79E-12,0.04259251
2509995.1,313467.5,9.80E-12,0.042532074
2507069.7,312778.81,9.80E-12,0.042471653
2504144.3,312090.84,9.81E-12,0.042411247
2501218.9,311403.58,9.82E-12,0.042350857
2498293.5,310717.03,9.83E-12,0.042290483
2495368.1,310031.19,9.83E-12,0.042230123
2492442.7,309346.06,9.84E-12,0.04216978
2489517.3,308661.65,9.85E-12,0.042109452
2486591.9,307977.94,9.86E-12,0.042049139
2483666.5,307294.96,9.87E-12,0.041988842
2480741.1,306612.68,9.87E-12,0.041928561
2477815.7,305931.11,9.88E-12,0.041868295
2474890.3,305250.26,9.89E-12,0.041808044
2471964.9,304570.12,9.90E-12,0.04174781
2469039.5,303890.7,9.90E-12,0.04168759
2466114.1,303211.98,9.91E-12,0.041627387
2463188.7,302533.98,9.92E-12,0.041567199
2460263.3,301856.69,9.93E-12,0.041507027
2457337.9,301180.12,9.94E-12,0.04144687
2454412.5,300504.26,9.94E-12,0.04138673
2451487.1,299829.11,9.95E-12,0.041326605
2448561.7,299154.67,9.96E-12,0.041266495
2445636.3,298480.95,9.97E-12,0.041206401
2442710.9,297807.95,9.98E-12,0.041146324
2439785.5,297135.65,9.98E-12,0.041086261
2436860.1,296464.07,9.99E-12,0.041026215
2433934.7,295793.21,1.00E-11,0.040966184
2431009.3,295123.06,1.00E-11,0.04090617
2428083.9,294453.62,1.00E-11,0.040846171
2425158.5,293784.89,1.00E-11,0.040786187
2422233.1,293116.89,1.00E-11,0.04072622
2419307.7,292449.59,1.00E-11,0.040666269
2416382.3,291783.01,1.00E-11,0.040606333
2413456.9,291117.14,1.01E-11,0.040546414
2410531.4,290451.99,1.01E-11,0.04048651
2407606,289787.56,1.01E-11,0.040426622
2404680.6,289123.84,1.01E-11,0.04036675
2401755.2,288460.83,1.01E-11,0.040306894
2398829.8,287798.54,1.01E-11,0.040247054
2395904.4,287136.96,1.01E-11,0.04018723
2392979,286476.1,1.01E-11,0.040127422
2390053.6,285815.96,1.01E-11,0.040067631
2387128.2,285156.53,1.01E-11,0.040007855
2384202.8,284497.82,1.01E-11,0.039948095
2381277.4,283839.82,1.01E-11,0.039888351
2378352,283182.54,1.02E-11,0.039828623
2375426.6,282525.97,1.02E-11,0.039768912
2372501.2,281870.12,1.02E-11,0.039709216
2369575.8,281214.99,1.02E-11,0.039649537
2366650.4,280560.57,1.02E-11,0.039589873
2363725,279906.87,1.02E-11,0.039530226
2360799.6,279253.88,1.02E-11,0.039470595
2357874.2,278601.61,1.02E-11,0.039410981
2354948.8,277950.06,1.02E-11,0.039351382
2352023.4,277299.23,1.02E-11,0.0392918
2349098,276649.11,1.02E-11,0.039232234
2346172.6,275999.71,1.02E-11,0.039172684
2343247.2,275351.02,1.03E-11,0.03911315
2340321.8,274703.05,1.03E-11,0.039053633
2337396.4,274055.8,1.03E-11,0.038994132
2334471,273409.27,1.03E-11,0.038934647
2331545.6,272763.46,1.03E-11,0.038875179
2328620.2,272118.36,1.03E-11,0.038815727
2325694.8,271473.98,1.03E-11,0.038756291
2322769.4,270830.32,1.03E-11,0.038696872
2319844,270187.37,1.03E-11,0.038637469
2316918.6,269545.14,1.03E-11,0.038578083
2313993.2,268903.64,1.03E-11,0.038518713
2311067.8,268262.85,1.04E-11,0.038459359
2308142.4,267622.77,1.04E-11,0.038400022
2305217,266983.42,1.04E-11,0.038340701
2302291.6,266344.78,1.04E-11,0.038281397
2299366.2,265706.87,1.04E-11,0.03822211
2296440.8,265069.67,1.04E-11,0.038162839
2293515.4,264433.19,1.04E-11,0.038103584
2290590,263797.43,1.04E-11,0.038044346
2287664.6,263162.39,1.04E-11,0.037985124
2284739.2,262528.07,1.04E-11,0.03792592
2281813.7,261894.46,1.04E-11,0.037866731
2278888.3,261261.58,1.04E-11,0.03780756
2275962.9,260629.42,1.05E-11,0.037748405
2273037.5,259997.97,1.05E-11,0.037689266
2270112.1,259367.25,1.05E-11,0.037630145
2267186.7,258737.24,1.05E-11,0.03757104
2264261.3,258107.96,1.05E-11,0.037511951
2261335.9,257479.39,1.05E-11,0.03745288
2258410.5,256851.54,1.05E-11,0.037393825
2255485.1,256224.42,1.05E-11,0.037334787
2252559.7,255598.01,1.05E-11,0.037275765
2249634.3,254972.33,1.05E-11,0.037216761
2246708.9,254347.36,1.05E-11,0.037157773
2243783.5,253723.12,1.06E-11,0.037098802
2240858.1,253099.59,1.06E-11,0.037039848
2237932.7,252476.79,1.06E-11,0.036980911
2235007.3,251854.71,1.06E-11,0.03692199
2232081.9,251233.34,1.06E-11,0.036863086
2229156.5,250612.7,1.06E-11,0.036804199
2226231.1,249992.78,1.06E-11,0.036745329
2223305.7,249373.57,1.06E-11,0.036686476
2220380.3,248755.08,1.06E-11,0.036627639
2217454.9,248137.31,1.06E-11,0.036568818
2214529.5,247520.26,1.07E-11,0.036510014
2211604.1,246903.91,1.07E-11,0.036451226
2208678.7,246288.28,1.07E-11,0.036392453
2205753.3,245673.35,1.07E-11,0.036333695
2202827.9,245059.11,1.07E-11,0.036274952
2199902.5,244445.57,1.07E-11,0.036216222
2196977.1,243832.69,1.07E-11,0.036157504
2194051.7,243220.47,1.07E-11,0.036098796
2191126.3,242608.89,1.07E-11,0.036040094
2188200.9,241997.89,1.07E-11,0.035981395
2185275.5,241387.43,1.07E-11,0.035922693
2182350.1,240777.45,1.08E-11,0.035863981
2179424.7,240167.84,1.08E-11,0.035805247
2176499.3,239558.47,1.08E-11,0.035746476
2173573.9,238949.15,1.08E-11,0.035687647
2170648.5,238339.62,1.08E-11,0.035628731
2167723.1,237729.51,1.08E-11,0.035569687
2164797.7,237118.32,1.08E-11,0.035510457
2161872.3,236505.35,1.08E-11,0.035450962
2158946.9,235889.62,1.08E-11,0.035391091
2156021.5,235269.77,1.08E-11,0.03533069
2153096.1,234643.95,1.09E-11,0.035269547
2150170.6,234009.47,1.09E-11,0.035207357
2147245.2,233362.7,1.09E-11,0.035143703
2144319.8,232698.93,1.09E-11,0.035078042
2141394.4,232010.32,1.09E-11,0.035009475
2138469,231287.68,1.09E-11,0.034936939
2135543.6,230519.66,1.09E-11,0.034859118
2132618.2,229679.9,1.09E-11,0.034772956
2129692.8,228750.88,1.09E-11,0.034676395
2126767.4,227708.37,1.10E-11,0.034566571
2123842,226436.03,1.10E-11,0.034429873
2120916.6,224969.27,1.10E-11,0.03427023
2117991.2,223354.24,1.10E-11,0.034092849
2115065.8,221748.6,1.10E-11,0.033916142
2112140.4,220152.3,1.11E-11,0.033740108
2109215,218565.3,1.11E-11,0.033564746
2106289.6,216987.56,1.11E-11,0.033390054
2103364.2,215419.05,1.11E-11,0.033216031
2100438.8,213859.71,1.12E-11,0.033042674
2097513.4,212309.51,1.12E-11,0.032869983
2094588,210768.41,1.12E-11,0.032697955
2091662.6,209236.36,1.12E-11,0.03252659
2088737.2,207713.33,1.12E-11,0.032355884
2085811.8,206199.27,1.13E-11,0.032185838
2082886.4,204694.15,1.13E-11,0.03201645
2079961,203197.91,1.13E-11,0.031847717
2077035.6,201710.53,1.13E-11,0.031679639
2074110.2,200231.95,1.14E-11,0.031512215
2071184.8,198762.14,1.14E-11,0.031345444
2068259.4,197301.06,1.14E-11,0.031179324
2065334,195848.65,1.14E-11,0.031013855
2062408.6,194404.88,1.15E-11,0.030849037
2059483.2,192969.7,1.15E-11,0.03068487
2056557.8,191543.06,1.15E-11,0.030521356
2053632.4,190124.9,1.15E-11,0.030358496
2050707,188715.16,1.16E-11,0.030196293
2047781.6,187313.78,1.16E-11,0.030034754
2044856.2,185920.67,1.16E-11,0.029873885
2041930.8,184535.74,1.16E-11,0.029713698
2039005.4,183158.88,1.17E-11,0.029554209
2036080,181789.93,1.17E-11,0.02939544
2033154.6,180428.71,1.17E-11,0.029237422
2030229.2,179074.96,1.17E-11,0.0290802
2027303.8,177728.36,1.18E-11,0.028923831
2024378.4,176388.45,1.18E-11,0.0287684
2021452.9,175054.65,1.18E-11,0.028614019
2018527.5,173726.12,1.18E-11,0.028460844
2015602.1,172401.75,1.19E-11,0.028309088
2012676.7,171079.96,1.19E-11,0.028159041
2009751.3,169758.64,1.19E-11,0.028011103
2006825.9,168434.8,1.19E-11,0.027865816
2003900.5,167104.36,1.20E-11,0.027723921
2000975.1,165761.66,1.20E-11,0.027586424
1998049.7,164398.74,1.21E-11,0.027454697
1995124.3,163004.84,1.21E-11,0.027330582
1992198.9,161564.75,1.22E-11,0.027216565
1989273.5,160056.89,1.22E-11,0.027116018
1986348.1,158453.47,1.23E-11,0.027033295
1983422.7,156712.88,1.24E-11,0.02697417
1980497.3,154774.98,1.26E-11,0.026946304
1977571.9,152575.02,1.28E-11,0.026958354
1974646.5,149988.32,1.30E-11,0.027021149
1971721.1,146843.49,1.33E-11,0.027147103
1968795.7,143048.33,1.38E-11,0.027342491
1965870.3,138118.32,1.44E-11,0.02760473
1962944.9,131602.13,1.53E-11,0.027909599
1960019.5,123882.3,1.64E-11,0.028204313
1957094.1,115802.99,1.77E-11,0.028468351
1954168.7,108239.69,1.92E-11,0.02873526
1951243.3,101160.13,2.07E-11,0.029005072
1948317.9,94534.049,2.24E-11,0.029277817
1945392.5,88333,2.42E-11,0.029553525
1942467.1,82530.302,2.61E-11,0.02983222
1939541.7,77100.907,2.82E-11,0.030113929
1936616.3,72021.309,3.05E-11,0.030398672
1933690.9,67269.45,3.29E-11,0.030686464
1930765.5,62824.635,3.56E-11,0.030977316
1927840.1,58667.445,3.85E-11,0.031271228
1924914.7,54779.666,4.16E-11,0.031568192
1921989.3,51144.212,4.50E-11,0.031868184
1919063.9,47745.059,4.87E-11,0.032171164
1916138.5,44567.181,5.26E-11,0.032477068
1913213.1,41596.49,5.69E-11,0.032785803
1910287.7,38819.781,6.16E-11,0.033097239
1907362.3,36224.675,6.66E-11,0.033411199
1904436.9,33799.579,7.20E-11,0.033727444
1901511.5,31533.632,7.80E-11,0.034045665
1898586.1,29416.67,8.43E-11,0.034365456
1895660.7,27439.187,9.13E-11,0.034686298
1892735.3,25592.302,9.88E-11,0.035007537
1889809.8,23867.73,1.07E-10,0.03532835
1886884.4,22257.764,1.16E-10,0.035647717
1883959,20755.254,1.25E-10,0.035964405
1881033.6,19353.605,1.35E-10,0.036276943
1878108.2,18046.787,1.46E-10,0.036583582
1875182.8,16829.337,1.58E-10,0.036882425
1872257.4,15696.419,1.71E-10,0.037171409
1869332,14643.919,1.85E-10,0.037448357
1866406.6,13668.401,1.99E-10,0.037711848
1863481.2,12767.504,2.15E-10,0.037960995
1860555.8,11940.219,2.31E-10,0.038196098
1857630.4,11186.059,2.48E-10,0.038422288
1854705,10508.032,2.66E-10,0.038647572
1851779.6,9912.2445,2.83E-10,0.038886133
1848854.2,9400.4086,3.01E-10,0.039164693
1845928.8,8995.6139,3.17E-10,0.039525556
1843003.4,8721.7436,3.31E-10,0.040012793
1840078,8553.3613,3.43E-10,0.040631223
1837152.6,8440.4705,3.54E-10,0.041325368
1834227.2,8328.9247,3.64E-10,0.042032254
1831301.8,8218.7222,3.76E-10,0.04275205
1828376.4,8109.8657,3.87E-10,0.043484902
1825451,8002.3644,3.99E-10,0.044230923
1822525.6,7896.2362,4.11E-10,0.044990177
1819600.2,7791.5109,4.24E-10,0.045762669
1816674.8,7688.2348,4.37E-10,0.046548326
1813749.4,7586.4785,4.51E-10,0.047346966
1810824,7486.3439,4.64E-10,0.048158276
1807898.6,7387.9751,4.79E-10,0.048981793
1804973.2,7291.5872,4.93E-10,0.049816788
1802047.8,7197.4715,5.08E-10,0.050662326
1799122.4,7106.0234,5.23E-10,0.051517231
1796197,7017.8844,5.39E-10,0.052379552
1793271.6,6933.8018,5.54E-10,0.05324742
1790346.2,6854.7977,5.70E-10,0.054118577
1787420.8,6782.9868,5.85E-10,0.054987583
1784495.4,6719.7523,6.00E-10,0.055852579
1781570,6667.7654,6.14E-10,0.05670899
1778644.6,6635.6952,6.26E-10,0.057535649
1775719.2,6620.5359,6.36E-10,0.058340672
1772793.8,6617.5505,6.45E-10,0.05913258
1769868.4,6614.5615,6.54E-10,0.059936573
1766943,6611.569,6.63E-10,0.060752854
1764017.6,6608.5728,6.73E-10,0.061581634
1761092.2,6605.573,6.82E-10,0.062423125
1758166.7,6602.5697,6.92E-10,0.063277543
1755241.3,6599.5626,7.02E-10,0.064145109
1752315.9,6596.552,7.12E-10,0.065026047
1749390.5,6593.5376,7.22E-10,0.065920587
1746465.1,6590.5197,7.32E-10,0.066828961
1743539.7,6587.498,7.43E-10,0.067751408
1740614.3,6584.4727,7.53E-10,0.06868817
1737688.9,6581.4436,7.64E-10,0.069639494
1734763.5,6578.4109,7.75E-10,0.07060563
1731838.1,6575.3744,7.86E-10,0.071586836
1728912.7,6572.3342,7.97E-10,0.072583372
1725987.3,6569.2903,8.09E-10,0.073595504
1723061.9,6566.2426,8.21E-10,0.074623504
1720136.5,6563.1912,8.32E-10,0.075667648
1717211.1,6560.1359,8.44E-10,0.076728217
1714285.7,6557.077,8.57E-10,0.077805499
1711360.3,6554.0142,8.69E-10,0.078899786
1708434.9,6550.9476,8.82E-10,0.080011377
1705509.5,6547.8771,8.95E-10,0.081140575
1702584.1,6544.8029,9.08E-10,0.082287691
1699658.7,6541.7248,9.21E-10,0.083453039
1696733.3,6538.6429,9.35E-10,0.084636943
1693807.9,6535.5571,9.48E-10,0.08583973
1690882.5,6532.4675,9.62E-10,0.087061736
1687957.1,6529.3739,9.76E-10,0.0883033
1685031.7,6526.2765,9.91E-10,0.089564773
1682106.3,6523.1752,1.01E-09,0.090846507
1679180.9,6520.07,1.02E-09,0.092148865
1676255.5,6516.9609,1.04E-09,0.093472216
1673330.1,6513.8478,1.05E-09,0.094816937
1670404.7,6510.7309,1.07E-09,0.096183412
1667479.3,6507.6101,1.08E-09,0.097572032
1664553.9,6504.4854,1.10E-09,0.098983198
1661628.5,6501.3569,1.12E-09,0.10041732
1658703.1,6498.2246,1.13E-09,0.10187481
1655777.7,6495.0885,1.15E-09,0.10335611
1652852.3,6491.9489,1.17E-09,0.10486164
1649926.9,6488.8057,1.18E-09,0.10639185
1647001.5,6485.6593,1.20E-09,0.10794721
1644076.1,6482.5099,1.22E-09,0.1095282
1641150.7,6479.3579,1.24E-09,0.11113529
1638225.3,6476.2039,1.26E-09,0.112769
1635299.9,6473.0487,1.28E-09,0.11442987
1632374.5,6469.8935,1.30E-09,0.11611845
1629449,6466.7397,1.32E-09,0.11783533
1626523.6,6463.5896,1.34E-09,0.11958116
1623598.2,6460.4462,1.36E-09,0.12135664
1620672.8,6457.3134,1.38E-09,0.12316253
1617747.4,6454.1976,1.40E-09,0.12499976
1614822,6451.107,1.42E-09,0.12686935
1611896.6,6448.0507,1.44E-09,0.12877243
1608971.2,6445.0487,1.46E-09,0.13071074
1606045.8,6442.1219,1.49E-09,0.13268613
1603120.4,6439.284,1.51E-09,0.13470011
1600195,6436.6208,1.53E-09,0.13675819
1597269.6,6434.1575,1.56E-09,0.13886279
1594344.2,6431.8653,1.58E-09,0.14101341
1591418.8,6429.6285,1.61E-09,0.14320468
1588493.4,6427.3885,1.63E-09,0.14543413
1585568,6425.1451,1.66E-09,0.14770249
1582642.6,6422.8983,1.69E-09,0.15001052
1579717.2,6420.6483,1.71E-09,0.15235899
1576791.8,6418.3949,1.74E-09,0.15474866
1573866.4,6416.1381,1.77E-09,0.15718035
1570941,6413.878,1.80E-09,0.15965487
1568015.6,6411.6146,1.83E-09,0.16217304
1565090.2,6409.348,1.86E-09,0.16473572
1562164.8,6407.078,1.89E-09,0.16734375
1559239.4,6404.805,1.92E-09,0.16999802
1556314,6402.5288,1.95E-09,0.1726994
1553388.6,6400.2497,1.98E-09,0.17544879
1550463.2,6397.9679,2.01E-09,0.17824708
1547537.8,6395.6836,2.04E-09,0.18109517
1544612.4,6393.3972,2.08E-09,0.18399395
1541687,6391.1093,2.11E-09,0.18694428
1538761.6,6388.8206,2.15E-09,0.18994702
1535836.2,6386.5322,2.18E-09,0.19300293
1532910.8,6384.2457,2.22E-09,0.19611272
1529985.4,6381.9629,2.25E-09,0.19927698
1527060,6379.6869,2.29E-09,0.20249605
1524134.6,6377.4219,2.33E-09,0.20577007
1521209.2,6375.172,2.37E-09,0.20909911
1518283.8,6372.9483,2.41E-09,0.21248166
1515358.4,6370.7594,2.45E-09,0.21591671
1512433,6368.6109,2.49E-09,0.21940393
1509507.6,6366.5549,2.53E-09,0.22293224
1506582.2,6364.5858,2.57E-09,0.22650353
1503656.8,6362.6907,2.61E-09,0.23012137
1500731.4,6360.8018,2.65E-09,0.23380205
1497805.9,6358.9098,2.70E-09,0.23754896
1494880.5,6357.0146,2.74E-09,0.24136343
1491955.1,6355.1163,2.79E-09,0.2452468
1489029.7,6353.2149,2.83E-09,0.24920047
1486104.3,6351.3102,2.88E-09,0.25322585
1483178.9,6349.4024,2.93E-09,0.25732438
1480253.5,6347.4914,2.97E-09,0.26149755
1477328.1,6345.5772,3.02E-09,0.26574685
1474402.7,6343.6598,3.07E-09,0.27007384
1471477.3,6341.7392,3.13E-09,0.2744801
1468551.9,6339.8153,3.18E-09,0.27896723
1465626.5,6337.8882,3.23E-09,0.28353689
1462701.1,6335.9578,3.28E-09,0.28819077
1459775.7,6334.0241,3.34E-09,0.29293059
1456850.3,6332.0872,3.40E-09,0.29775811
1453924.9,6330.1469,3.45E-09,0.30267515
1450999.5,6328.2034,3.51E-09,0.30768353
1448074.1,6326.2565,3.57E-09,0.31278515
1445148.7,6324.3064,3.63E-09,0.31798193
1442223.3,6322.3529,3.69E-09,0.32327585
1439297.9,6320.3961,3.75E-09,0.32866892
1436372.5,6318.4359,3.82E-09,0.3341632
1433447.1,6316.4725,3.88E-09,0.3397608
1430521.7,6314.5058,3.95E-09,0.34546385
1427596.3,6312.5357,4.02E-09,0.35127457
1424670.9,6310.5625,4.09E-09,0.35719519
1421745.5,6308.5861,4.16E-09,0.36322799
1418820.1,6306.6065,4.23E-09,0.3693753
1415894.7,6304.6241,4.30E-09,0.3756395
1412969.3,6302.6389,4.38E-09,0.38202298
1410043.9,6300.6512,4.45E-09,0.38852817
1407118.5,6298.6614,4.53E-09,0.39515753
1404193.1,6296.67,4.61E-09,0.40191351
1401267.7,6294.6777,4.69E-09,0.40879855
1398342.3,6292.6857,4.77E-09,0.41581504
1395416.9,6290.6952,4.85E-09,0.42296532
1392491.5,6288.7084,4.94E-09,0.43025153
1389566.1,6286.7282,5.03E-09,0.4376756
1386640.7,6284.7575,5.12E-09,0.44523945
1383715.3,6282.8036,5.21E-09,0.45294366
1380789.9,6280.8733,5.30E-09,0.46078897
1377864.5,6278.9708,5.39E-09,0.46877689
1374939.1,6277.1285,5.49E-09,0.47689989
1372013.7,6275.35,5.58E-09,0.48515939
1369088.2,6273.6258,5.68E-09,0.49356126
1366162.8,6271.9134,5.78E-09,0.50212217
1363237.4,6270.1977,5.88E-09,0.51085042
1360312,6268.4789,5.99E-09,0.51974963
1357386.6,6266.7568,6.09E-09,0.52882354
1354461.2,6265.0314,6.20E-09,0.53807595
1351535.8,6263.3028,6.31E-09,0.54751077
1348610.4,6261.571,6.42E-09,0.55713199
1345685,6259.8358,6.54E-09,0.5669437
1342759.6,6258.0973,6.66E-09,0.57695007
1339834.2,6256.3555,6.78E-09,0.58715538
1336908.8,6254.6104,6.90E-09,0.59756399
1333983.4,6252.8619,7.02E-09,0.60818036
1331058,6251.11,7.15E-09,0.61900903
1328132.6,6249.3547,7.28E-09,0.63005463
1325207.2,6247.5959,7.41E-09,0.64132187
1322281.8,6245.8336,7.55E-09,0.65281549
1319356.4,6244.0677,7.68E-09,0.66454029
1316431,6242.2981,7.82E-09,0.67650108
1313505.6,6240.5248,7.97E-09,0.68870263
1310580.2,6238.7476,8.11E-09,0.70114963
1307654.8,6236.9662,8.26E-09,0.71384656
1304729.4,6235.1805,8.42E-09,0.72679765
1301804,6233.39,8.57E-09,0.74000662
1298878.6,6231.5943,8.73E-09,0.75347647
1295953.2,6229.7926,8.89E-09,0.76720943
1293027.8,6227.9841,9.06E-09,0.78120582
1290102.4,6226.1672,9.22E-09,0.7954638
1287177,6224.3406,9.40E-09,0.80998058
1284251.6,6222.501,9.57E-09,0.82474456
1281326.2,6220.645,9.75E-09,0.8397406
1278400.8,6218.77,9.93E-09,0.85495965
1275475.4,6216.8638,1.01E-08,0.87033667
1272550,6214.9195,1.03E-08,0.88583485
1269624.6,6212.942,1.05E-08,0.90148133
1266699.2,6210.9481,1.07E-08,0.9173713
1263773.8,6208.9503,1.09E-08,0.93357911
1260848.4,6206.9485,1.11E-08,0.95011186
1257923,6204.9427,1.13E-08,0.96697685
1254997.6,6202.9329,1.15E-08,0.98418155
1252072.2,6200.919,1.17E-08,1.0017336
1249146.8,6198.9011,1.19E-08,1.0196409
1246221.4,6196.879,1.21E-08,1.0379114
1243296,6194.8528,1.23E-08,1.0565534
1240370.6,6192.8224,1.25E-08,1.0755753
1237445.1,6190.7879,1.28E-08,1.0949858
1234519.7,6188.749,1.30E-08,1.1147937
1231594.3,6186.7059,1.32E-08,1.135008
1228668.9,6184.6584,1.35E-08,1.1556381
1225743.5,6182.6063,1.37E-08,1.1766934
1222818.1,6180.5497,1.40E-08,1.1981837
1219892.7,6178.4882,1.43E-08,1.2201187
1216967.3,6176.4218,1.45E-08,1.2425086
1214041.9,6174.3499,1.48E-08,1.2653636
1211116.5,6172.2722,1.51E-08,1.2886939
1208191.1,6170.1882,1.54E-08,1.3125101
1205265.7,6168.0968,1.56E-08,1.3368225
1202340.3,6165.9971,1.59E-08,1.3616414
1199414.9,6163.8873,1.62E-08,1.3869767
1196489.5,6161.7654,1.66E-08,1.4128382
1193564.1,6159.6281,1.69E-08,1.4392344
1190638.7,6157.4711,1.72E-08,1.4661726
1187713.3,6155.2891,1.75E-08,1.4936593
1184787.9,6153.0734,1.79E-08,1.5216969
1181862.5,6150.8108,1.82E-08,1.5502823
1178937.1,6148.4923,1.85E-08,1.5794171
1176011.7,6146.0875,1.89E-08,1.6090773
1173086.3,6143.5567,1.93E-08,1.6392259
1170160.9,6140.9168,1.96E-08,1.6698924
1167235.5,6138.2117,2.00E-08,1.7011394
1164310.1,6135.501,2.04E-08,1.7330518
1161384.7,6132.7847,2.08E-08,1.7656454
1158459.3,6130.0627,2.12E-08,1.7989367
1155533.9,6127.3351,2.16E-08,1.8329424
1152608.5,6124.6018,2.20E-08,1.8676796
1149683.1,6121.8627,2.24E-08,1.9031661
1146757.7,6119.1179,2.29E-08,1.9394198
1143832.3,6116.3673,2.33E-08,1.9764596
1140906.9,6113.6109,2.38E-08,2.0143044
1137981.5,6110.8486,2.43E-08,2.0529738
1135056.1,6108.0805,2.47E-08,2.0924881
1132130.7,6105.3064,2.52E-08,2.1328678
1129205.3,6102.5263,2.57E-08,2.1741342
1126279.9,6099.7403,2.62E-08,2.2163092
1123354.5,6096.9481,2.68E-08,2.2594149
1120429.1,6094.1498,2.73E-08,2.3034744
1117503.7,6091.3452,2.78E-08,2.3485111
1114578.3,6088.5343,2.84E-08,2.3945492
1111652.9,6085.7168,2.90E-08,2.4416132
1108727.5,6082.8927,2.96E-08,2.4897284
1105802,6080.0616,3.02E-08,2.5389203
1102876.6,6077.2232,3.08E-08,2.5892151
1099951.2,6074.377,3.14E-08,2.6406392
1097025.8,6071.5223,3.20E-08,2.6932193
1094100.4,6068.6584,3.27E-08,2.7469819
1091175,6065.7839,3.34E-08,2.8019534
1088249.6,6062.8972,3.40E-08,2.8581594
1085324.2,6059.9959,3.47E-08,2.9156239
1082398.8,6057.0768,3.55E-08,2.974369
1079473.4,6054.1357,3.62E-08,3.0344143
1076548,6051.1658,3.69E-08,3.0957713
1073622.6,6048.1587,3.77E-08,3.158447
1070697.2,6045.1051,3.85E-08,3.2224449
1067771.8,6041.981,3.93E-08,3.2877229
1064846.4,6038.7703,4.01E-08,3.35426
1061921,6035.4566,4.09E-08,3.4220336
1058995.6,6031.9296,4.18E-08,3.4907242
1056070.2,6028.2184,4.26E-08,3.5604348
1053144.8,6024.3546,4.35E-08,3.631281
1050219.4,6020.4824,4.44E-08,3.70374
1047294,6016.6019,4.53E-08,3.777853
1044368.6,6012.7128,4.63E-08,3.8536626
1041443.2,6008.8152,4.72E-08,3.9312124
1038517.8,6004.9089,4.82E-08,4.0105472
1035592.4,6000.9936,4.92E-08,4.091713
1032667,5997.0693,5.03E-08,4.1747571
1029741.6,5993.1357,5.13E-08,4.2597279
1026816.2,5989.1924,5.24E-08,4.3466751
1023890.8,5985.2389,5.35E-08,4.4356496
1020965.4,5981.2747,5.46E-08,4.526703
1018040,5977.2989,5.58E-08,4.6198884
1015114.6,5973.3102,5.70E-08,4.715259
1012189.2,5969.3071,5.82E-08,4.812869
1009263.8,5965.2874,5.95E-08,4.9127721
1006338.4,5961.248,6.07E-08,5.0150216
1003413,5957.1847,6.21E-08,5.1196693
1000487.6,5953.0914,6.34E-08,5.2267636
997562.16,5948.96,6.48E-08,5.3363481
994636.76,5944.78,6.62E-08,5.4484621
991711.36,5940.5339,6.76E-08,5.5631259
988785.96,5936.2,6.91E-08,5.6803494
985860.56,5931.7563,7.06E-08,5.8001391
982935.15,5927.1398,7.21E-08,5.9223928
980009.75,5922.3074,7.37E-08,6.0470523
977084.35,5917.2315,7.53E-08,6.174096
974158.95,5911.6059,7.70E-08,6.3027467
971233.54,5905.5058,7.87E-08,6.433217
968308.14,5898.9968,8.04E-08,6.5657048
965382.74,5892.474,8.21E-08,6.7013301
962457.34,5885.9389,8.39E-08,6.8401804
959531.94,5879.3912,8.57E-08,6.9823418
956606.53,5872.8311,8.76E-08,7.127903
953681.13,5866.2585,8.96E-08,7.2769546
950755.73,5859.6735,9.15E-08,7.4295898
947830.33,5853.0762,9.36E-08,7.5859039
944904.92,5846.4667,9.57E-08,7.7459937
941979.52,5839.8452,9.78E-08,7.9099582
939054.12,5833.2122,1.00E-07,8.0778971
936128.72,5826.568,1.02E-07,8.2499108
933203.32,5819.9135,1.05E-07,8.4260988
930277.91,5813.2497,1.07E-07,8.6065594
927352.51,5806.5779,1.09E-07,8.7913864
924427.11,5799.9004,1.12E-07,8.9806665
921501.71,5793.2199,1.14E-07,9.174478
918576.3,5786.5405,1.17E-07,9.3728814
915650.9,5779.8681,1.20E-07,9.5759083
912725.5,5773.2096,1.22E-07,9.7835773
909800.1,5766.5767,1.25E-07,9.9958328
906874.7,5759.9872,1.28E-07,10.212522
903949.29,5753.4527,1.31E-07,10.433573
901023.89,5747.0143,1.34E-07,10.658482
898098.49,5740.726,1.37E-07,10.886498
895173.09,5734.5631,1.40E-07,11.118026
892247.68,5728.4637,1.43E-07,11.35401
889322.28,5722.3429,1.46E-07,11.595781
886396.88,5716.1975,1.50E-07,11.843491
883471.48,5710.023,1.53E-07,12.097294
880546.08,5703.8135,1.56E-07,12.357342
877620.67,5697.5607,1.60E-07,12.623783
874695.27,5691.2525,1.64E-07,12.896761
871769.87,5684.8734,1.67E-07,13.176405
868844.47,5678.4013,1.71E-07,13.462831
865919.06,5671.8027,1.75E-07,13.756113
862993.66,5665.0389,1.79E-07,14.056307
860068.26,5658.0506,1.83E-07,14.363393
857142.86,5650.7347,1.88E-07,14.677188
854217.45,5643.0219,1.92E-07,14.997605
851292.05,5634.729,1.96E-07,15.324134
848366.65,5625.4902,2.01E-07,15.655547
845441.25,5615.438,2.06E-07,15.992356
842515.85,5604.8487,2.10E-07,16.335653
839590.44,5594.2426,2.15E-07,16.687554
836665.04,5583.6197,2.20E-07,17.048307
833739.64,5572.9797,2.26E-07,17.418166
830814.24,5562.3227,2.31E-07,17.797394
827888.83,5551.6485,2.37E-07,18.186263
824963.43,5540.957,2.42E-07,18.585053
822038.03,5530.248,2.48E-07,18.994054
819112.63,5519.5215,2.54E-07,19.413564
816187.23,5508.7771,2.60E-07,19.843892
813261.82,5498.0148,2.66E-07,20.285356
810336.42,5487.2343,2.73E-07,20.738287
807411.02,5476.4352,2.80E-07,21.203021
804485.62,5465.6172,2.86E-07,21.679911
801560.21,5454.7796,2.93E-07,22.169317
798634.81,5443.9219,3.01E-07,22.671609
795709.41,5433.043,3.08E-07,23.187172
792784.01,5422.1417,3.16E-07,23.716397
789858.61,5411.2163,3.24E-07,24.259687
786933.2,5400.2644,3.32E-07,24.817453
784007.8,5389.2826,3.40E-07,25.390113
781082.4,5378.2666,3.49E-07,25.978087
778157,5367.2103,3.58E-07,26.581798
775231.59,5356.1049,3.67E-07,27.201657
772306.19,5344.9385,3.76E-07,27.838065
769380.79,5333.6959,3.86E-07,28.491401
766455.39,5322.3515,3.96E-07,29.161969
763529.99,5310.8755,4.06E-07,29.850032
760604.58,5299.2317,4.16E-07,30.555798
757679.18,5287.3342,4.27E-07,31.279032
754753.78,5275.1247,4.38E-07,32.019696
751828.38,5262.5317,4.50E-07,32.777605
748902.97,5249.1699,4.61E-07,33.549644
745977.57,5235.1463,4.74E-07,34.337008
743052.17,5220.5923,4.86E-07,35.141215
740126.77,5206.0171,4.99E-07,35.96756
737201.37,5191.4189,5.12E-07,36.816746
734275.96,5176.7952,5.26E-07,37.689503
731350.56,5162.1424,5.40E-07,38.586585
728425.16,5147.456,5.54E-07,39.508775
725499.76,5132.7291,5.69E-07,40.456883
722574.35,5117.9526,5.85E-07,41.431746
719648.95,5103.1151,6.00E-07,42.43423
716723.55,5088.1967,6.17E-07,43.465226
713798.15,5073.1736,6.34E-07,44.525647
710872.75,5058.0212,6.51E-07,45.616427
707947.34,5042.6694,6.69E-07,46.738487
705021.94,5027.0704,6.88E-07,47.892761
702096.54,5011.194,7.07E-07,49.080208
699171.14,4994.6988,7.27E-07,50.301311
696245.73,4977.6695,7.48E-07,51.557136
693320.33,4960.1813,7.69E-07,52.848811
690394.93,4942.677,7.91E-07,54.178481
687469.53,4925.1598,8.14E-07,55.547422
684544.12,4907.6293,8.38E-07,56.956944
681618.72,4890.085,8.62E-07,58.408398
678693.32,4872.5262,8.88E-07,59.903173
675767.92,4854.952,9.14E-07,61.442691
672842.52,4837.3613,9.41E-07,63.0284
669917.11,4819.7526,9.69E-07,64.661778
666991.71,4802.1233,9.98E-07,66.34428
664066.31,4784.4702,1.03E-06,68.077359
661140.91,4766.7904,1.06E-06,69.86251
658215.5,4749.0749,1.09E-06,71.700844
655290.1,4731.3175,1.12E-06,73.593659
652364.7,4713.5145,1.16E-06,75.542475
649439.3,4695.6234,1.19E-06,77.545895
646513.9,4677.6523,1.23E-06,79.606142
643588.49,4659.6142,1.27E-06,81.725869
640663.09,4641.5697,1.31E-06,83.911388
637737.69,4623.5293,1.35E-06,86.16546
634812.29,4605.4995,1.39E-06,88.490454
631886.88,4587.4889,1.43E-06,90.888794
628961.48,4569.5096,1.48E-06,93.36296
626036.08,4551.5789,1.52E-06,95.915456
623110.68,4533.7207,1.57E-06,98.548802
620185.28,4515.9651,1.62E-06,101.26556
617259.87,4498.3624,1.67E-06,104.06815
614334.47,4480.9761,1.72E-06,106.95897
611409.07,4463.8738,1.78E-06,109.94059
608483.67,4447.2253,1.83E-06,113.01454
605558.26,4431.1745,1.89E-06,116.18301
602632.86,4415.8141,1.95E-06,119.44901
599707.46,4401.9268,2.01E-06,122.80959
596782.06,4389.4993,2.08E-06,126.2693
593856.66,4378.3203,2.14E-06,129.83449
590931.25,4367.3601,2.21E-06,133.51638
588005.85,4356.3886,2.28E-06,137.3209
585080.45,4345.4119,2.35E-06,141.25247
582155.05,4334.4381,2.42E-06,145.31555
579229.64,4323.4785,2.50E-06,149.51467
576304.24,4312.5494,2.58E-06,153.85432
573378.84,4301.6736,2.66E-06,158.33885
570453.44,4290.8801,2.74E-06,162.97257
567528.04,4280.2158,2.83E-06,167.75915
564602.63,4269.7417,2.92E-06,172.70186
561677.23,4259.5244,3.01E-06,177.80397
558751.83,4249.7184,3.11E-06,183.06525
555826.43,4240.4703,3.21E-06,188.486
552901.02,4231.8778,3.31E-06,194.06887
549975.62,4224.6244,3.41E-06,199.79429
547050.22,4218.8104,3.52E-06,205.6641
544124.82,4214.2373,3.63E-06,211.69154
541199.41,4210.0107,3.74E-06,217.91296
538274.01,4205.8078,3.85E-06,224.34631
535348.61,4201.6457,3.97E-06,230.99767
532423.21,4197.5477,4.09E-06,237.87255
529497.81,4193.5433,4.22E-06,244.97586
526572.4,4189.6828,4.35E-06,252.30989
523647,4186.0262,4.48E-06,259.87579
520721.6,4182.6412,4.62E-06,267.67392
517796.2,4179.7018,4.76E-06,275.69044
514870.79,4177.3276,4.91E-06,283.9185
511945.39,4175.6317,5.06E-06,292.3523
509019.99,4175.4254,5.20E-06,300.89564
506094.59,4176.5029,5.35E-06,309.57845
503169.19,4178.6462,5.50E-06,318.43237
500243.78,4180.8043,5.66E-06,327.59244
497318.38,4182.9778,5.82E-06,337.0707
494392.98,4185.1675,5.98E-06,346.87959
491467.58,4187.3745,6.16E-06,357.03187
488542.17,4189.6003,6.33E-06,367.54056
485616.77,4191.8466,6.52E-06,378.41883
482691.37,4194.1162,6.71E-06,389.67984
479765.97,4196.4125,6.91E-06,401.3364
476840.57,4198.7403,7.11E-06,413.40068
473915.16,4201.1063,7.32E-06,425.88383
470989.76,4203.5196,7.54E-06,438.79476
468064.36,4205.9932,7.76E-06,452.13943
465138.96,4208.543,7.99E-06,465.92088
462213.55,4211.1958,8.23E-06,480.13216
459288.15,4213.9849,8.48E-06,494.7592
456362.75,4216.9465,8.73E-06,509.7849
453437.35,4220.1697,8.98E-06,525.1401
450511.95,4223.7301,9.24E-06,540.76516
447586.54,4227.6779,9.51E-06,556.62143
444661.14,4232.4228,9.76E-06,572.32628
441735.74,4237.9565,1.00E-05,587.87126
438810.34,4244.1788,1.03E-05,603.33668
435884.93,4250.562,1.05E-05,619.21055
432959.53,4256.9979,1.08E-05,635.61361
430034.13,4263.4873,1.11E-05,652.56724
427108.73,4270.031,1.13E-05,670.09381
424183.33,4276.6299,1.16E-05,688.21677
421257.92,4283.2848,1.19E-05,706.96065
418332.52,4289.9966,1.22E-05,726.35112
415407.12,4296.7661,1.25E-05,746.41507
412481.72,4303.5942,1.29E-05,767.18061
409556.31,4310.4819,1.32E-05,788.67714
406630.91,4317.43,1.36E-05,810.93534
403705.51,4324.4395,1.39E-05,833.98721
400780.11,4331.5113,1.43E-05,857.86604
397854.71,4338.6464,1.47E-05,882.60635
394929.3,4345.8455,1.51E-05,908.24379
392003.9,4353.1097,1.55E-05,934.81497
389078.5,4360.4398,1.59E-05,962.35713
386153.1,4367.8365,1.64E-05,990.90771
383227.69,4375.3005,1.68E-05,1020.5037
380302.29,4382.8322,1.73E-05,1051.1808
377376.89,4390.4319,1.78E-05,1082.9714
374451.49,4398.0996,1.83E-05,1115.904
371526.08,4405.8345,1.88E-05,1149.9983
368600.68,4413.6353,1.94E-05,1185.2623
365675.28,4421.5,1.99E-05,1221.6911
362749.88,4429.4247,2.05E-05,1259.2453
359824.48,4437.4034,2.11E-05,1297.8516
356899.07,4445.43,2.17E-05,1337.4195
353973.67,4453.4886,2.23E-05,1377.6924
351048.27,4461.563,2.30E-05,1418.3817
348122.87,4469.6424,2.36E-05,1459.2836
345197.46,4477.6562,2.42E-05,1499.1253
342272.06,4485.5829,2.47E-05,1537.4168
339346.66,4493.4464,2.53E-05,1574.4556
336421.26,4501.3427,2.59E-05,1611.8324
333495.86,4509.3221,2.64E-05,1650.4363
330570.45,4517.3862,2.70E-05,1690.3188
327645.05,4525.5367,2.76E-05,1731.5342
324719.65,4533.7753,2.83E-05,1774.1393
321794.25,4542.1038,2.89E-05,1818.1939
318868.84,4550.5239,2.96E-05,1863.7609
315943.44,4559.0374,3.03E-05,1910.9064
313018.04,4567.6463,3.10E-05,1959.6995
310092.64,4576.3524,3.17E-05,2010.2131
307167.24,4585.1577,3.25E-05,2062.5234
304241.83,4594.0641,3.33E-05,2116.7101
301316.43,4603.0736,3.41E-05,2172.8565
298391.03,4612.1881,3.49E-05,2231.0493
295465.63,4621.4096,3.58E-05,2291.378
292540.22,4630.7399,3.67E-05,2353.9349
289614.82,4640.1807,3.76E-05,2418.8139
286689.42,4649.7334,3.86E-05,2486.1092
283764.02,4659.3993,3.96E-05,2555.9136
280838.62,4669.1789,4.06E-05,2628.3155
277913.21,4679.0721,4.17E-05,2703.3946
274987.81,4689.078,4.28E-05,2781.2171
272062.41,4699.194,4.40E-05,2861.8257
269137.01,4709.4153,4.52E-05,2945.2256
266211.6,4719.7349,4.64E-05,3031.3817
263286.2,4730.141,4.76E-05,3120.1691
260360.8,4740.6152,4.89E-05,3211.3431
257435.4,4751.1368,5.02E-05,3304.5953
254510,4761.664,5.15E-05,3399.2318
251584.59,4772.1408,5.29E-05,3494.2511
248659.19,4782.5295,5.42E-05,3588.9298
245733.79,4792.6638,5.54E-05,3680.2044
242808.39,4802.4002,5.66E-05,3765.1855
239882.98,4811.811,5.77E-05,3844.8119
236957.58,4821.1251,5.88E-05,3922.9022
234032.18,4830.5737,5.98E-05,4003.5861
231106.78,4840.1604,6.10E-05,4086.9842
228181.37,4849.8891,6.21E-05,4173.2239
225255.97,4859.7637,6.33E-05,4262.4404
222330.57,4869.7884,6.46E-05,4354.7768
219405.17,4879.9674,6.58E-05,4450.3852
216479.77,4890.3053,6.72E-05,4549.4267
213554.36,4900.8065,6.85E-05,4652.0723
210628.96,4911.4761,7.00E-05,4758.5032
207703.56,4922.3189,7.14E-05,4868.9117
204778.16,4933.3402,7.29E-05,4983.5011
201852.75,4944.5453,7.45E-05,5102.4866
198927.35,4955.9397,7.61E-05,5226.0952
196001.95,4967.5292,7.78E-05,5354.5654
193076.55,4979.3195,7.96E-05,5488.1468
190151.15,4991.3166,8.14E-05,5627.0986
187225.74,5003.5262,8.33E-05,5771.6876
184300.34,5015.9541,8.52E-05,5922.1843
181374.94,5028.6057,8.73E-05,6078.8576
178449.54,5041.4859,8.94E-05,6241.9648
175524.13,5054.5989,9.16E-05,6411.7414
172598.73,5067.9472,9.39E-05,6588.3827
169673.33,5081.5316,9.62E-05,6772.0061
166747.93,5095.35,9.87E-05,6962.6395
163822.53,5109.3963,0.000101182,7160.1512
160897.12,5123.6561,0.000103774,7364.097
157971.72,5138.1115,0.00010643,7573.8635
155046.32,5152.7292,0.000109132,7788.2432
152120.92,5167.4446,0.000111847,8004.7781
149195.51,5182.2158,0.00011455,8221.7042
146270.11,5196.917,0.000117177,8434.0727
143344.71,5211.2931,0.000119592,8631.6889
140419.31,5225.4355,0.000121827,8816.8842
137493.91,5239.5428,0.000123968,8996.0625
134568.5,5253.9876,0.000126191,9182.6507
131643.1,5268.7827,0.000128501,9377.0333
128717.7,5283.9404,0.0001309,9579.5878
125792.3,5299.4726,0.000133392,9790.6707
122866.89,5315.3895,0.00013598,10010.599
119941.49,5331.6989,0.000138665,10239.594
117016.09,5348.4048,0.000141447,10477.766
114090.69,5365.5067,0.000144324,10725.053
111165.29,5382.991,0.000147288,10980.95
108239.88,5400.8385,0.000150327,11244.721
105314.48,5419.014,0.000153425,11515.055
102389.08,5437.4224,0.000156537,11788.568
99463.676,5456.0042,0.000159634,12062.869
96538.274,5474.6227,0.000162653,12332.893
93612.872,5492.8176,0.000165393,12582.368
90687.47,5510.7338,0.000167899,12814.68
87762.067,5528.6203,0.000170257,13036.836
84836.665,5547.1292,0.000172724,13269.962
81911.263,5566.2855,0.000175304,13514.727
78985.861,5586.1086,0.000178004,13771.755
76060.458,5606.6094,0.000180828,14041.587
73135.056,5627.7866,0.000183779,14324.62
70209.654,5649.6142,0.000186856,14620.916
67284.252,5672.0368,0.000190053,14930.128
64358.849,5694.9643,0.000193361,15251.387
61433.447,5718.2013,0.000196752,15582.212
58508.045,5741.4962,0.000200192,15919.185
55582.643,5764.5223,0.000203631,16257.622
52657.24,5786.4219,0.000206937,16584.371
49731.838,5806.5701,0.000210013,16889.46
46806.436,5824.1455,0.000212728,17159.542
43881.034,5835.0538,0.000214424,17328.813
40955.631,5840,0.0002152,17406.236
38030.229,5840,0.0002152,17406.236
35104.827,5840,0.0002152,17406.236
32179.425,5840,0.0002152,17406.236
29254.022,5840,0.0002152,17406.236
26328.62,5840,0.0002152,17406.236
23403.218,5840,0.0002152,17406.236
20477.816,5840,0.0002152,17406.236
17552.413,5840,0.0002152,17406.236
14627.011,5840,0.0002152,17406.236
11701.609,5840,0.0002152,17406.236
8776.2067,5840,0.0002152,17406.236